source_id,reply_id,argument,claim,evidence,unverifiable_claim,verifiable_claim,reason,external_evidence,internal_evidence,sarcasm,toxic_language
1176409661127442432,1176422199609167872,0,0,0,0,0,0,0,0,0,1
1179628376346234880,1179637953997529093,1,1,1,1,0,1,0,0,0,0
1178196802790670336,1178416187417518080,0,0,0,0,0,0,0,0,0,1
1177323067338612736,1177656946318548998,0,0,0,0,0,0,0,0,1,1
1179060894703206402,1179119821977468930,1,1,0,1,0,0,0,0,0,0
1177492121143525376,1177529864628428800,1,1,0,1,0,0,0,0,0,0
1178240790419660800,1178251683954151424,1,1,1,1,0,1,1,0,0,0
1180124893779828736,1180125416494903298,0,0,0,0,0,0,0,0,1,0
1177145417047445504,1177853855356407808,1,1,1,1,0,1,0,0,0,0
1177233801728028673,1177272612092809223,1,0,1,0,0,0,1,0,0,0
1179324740290437120,1179329609533399040,1,1,0,1,1,0,0,0,1,0
1177800608633495552,1177939568957542400,1,1,1,1,1,0,1,0,0,0
1178561676888723456,1178587946661928960,0,0,0,0,0,0,0,0,1,1
1178238666889666560,1178244666329899010,0,0,0,0,0,0,0,0,1,0
1178652466688282624,1178672519349460992,1,1,0,1,1,0,0,0,0,0
1179513840112979974,1179518830969794562,1,1,1,1,0,1,0,0,0,0
1177869036295774208,1178077399369621507,1,1,0,1,0,0,0,0,0,0
1178200402912845824,1178212831495442432,1,1,0,1,0,0,0,0,0,0
1177195856665153536,1177196648918859776,1,1,1,1,1,0,1,0,0,0
1179058796217475078,1179071260942389248,1,1,0,1,0,0,0,0,0,0
1179165141142777856,1179277426641293312,0,0,0,0,0,0,0,0,1,0
1177876311555153921,1177883932064468992,0,0,0,0,0,0,0,0,0,1
1177990207435689985,1177991707129995270,1,1,1,1,0,0,1,0,0,0
1178687530776059905,1178717098782142469,1,1,0,1,0,0,0,0,0,0
1179841091740344321,1179843596360540162,1,1,1,1,1,0,1,0,0,0
1178609062998679553,1178630165720653825,1,1,1,1,0,0,1,0,0,0
1177665284024541189,1177672553097248769,1,1,0,1,1,0,0,0,0,0
1177936396599910407,1177936588808081411,1,1,0,1,0,0,0,0,0,0
1178914664782188544,1179036906576736256,0,0,0,0,0,0,0,0,0,1
1178785153050664961,1179000440492560385,1,1,1,1,1,0,1,0,0,0
1179465650210824192,1179478058631417857,1,1,0,1,1,0,0,0,0,0
1180031490501087233,1180032941184995328,1,0,1,0,0,0,1,0,0,0
1179170375520997378,1179284301097164805,1,1,1,0,1,0,1,0,0,0
1177137731241160704,1177142595413258241,1,1,1,0,1,1,0,0,0,0
1178235624886882307,1178235626753286144,1,1,0,1,0,0,0,0,0,0
1180044476397568000,1180048041941835777,1,1,1,1,0,0,1,0,0,0
1178568162897518592,1179058376862572548,0,0,0,0,0,0,0,0,0,1
1176952709095854080,1176953353529692160,1,1,0,1,1,0,0,0,0,0
1179267932939010049,1179396133594025987,1,1,0,1,0,0,0,0,0,0
1177224503186927621,1177260861154570241,1,1,0,1,0,0,0,0,0,0
1177864215706689537,1178009238947409921,1,1,1,1,0,0,1,0,0,0
1176401282879426560,1178638946022100992,0,0,0,0,0,0,0,0,0,0
1177707405280452611,1177724812506128385,1,0,1,0,0,0,1,0,0,0
1177168021330255872,1177198368654839808,1,1,0,1,0,0,0,0,1,0
1177012237791309824,1177819227702661120,0,0,0,0,0,0,0,0,0,1
1177889341831602176,1177936052822122496,0,0,0,0,0,0,0,0,0,1
1177156153362591744,1177156684311085057,1,1,0,1,0,0,0,0,1,0
1178681724231917568,1178682486878015489,1,1,0,1,0,0,0,0,1,0
1177226327801417729,1177232537514627072,1,1,1,0,1,0,1,0,0,0
1179714449999106049,1179719916729094147,1,1,0,1,0,0,0,0,0,0
1178777145616850946,1178870126126489601,1,1,1,1,0,0,1,0,0,0
1179368584646148097,1179369211170377732,1,1,0,0,1,0,0,0,1,0
1177681009288065024,1179124161194545152,0,0,0,0,0,0,0,0,0,0
1178327424121147398,1178632074888192000,0,0,0,0,0,0,0,0,0,1
1176861561899618305,1176991223564918785,1,1,0,1,1,0,0,0,0,0
1176481131451076608,1176553124795944960,1,1,1,1,0,1,0,0,0,0
1179091176093339648,1179091954640064512,0,0,0,0,0,0,0,0,1,1
1178707920869036033,1179022008484597760,1,1,0,1,0,0,0,0,0,0
1177161002951069702,1177168627075866624,1,1,0,1,0,0,0,0,0,0
1180003301863170048,1180003769595158529,1,1,0,1,0,0,0,0,0,0
1176405375328882688,1176458081695404032,1,1,0,1,0,0,0,0,0,0
1179503737984958465,1179534630787207168,1,1,0,1,0,0,0,0,0,0
1179126758815211521,1179131380917248001,1,1,0,0,1,0,0,0,1,0
1176955599680151552,1176956303199088645,0,0,0,0,0,0,0,0,1,1
1179882874427904000,1179882927334858753,1,0,1,0,0,0,1,0,0,0
1177907745846108166,1177910195856564225,1,1,0,1,0,0,0,0,0,0
1177932700528910337,1177963394764349442,1,1,1,0,1,0,1,0,0,0
1176213586223468544,1176215117651992579,0,0,0,0,0,0,0,0,0,0
1178746737802055682,1178746863278796800,0,0,0,0,0,0,0,0,0,1
1178714294697041920,1179050325145206784,1,1,0,1,0,0,0,0,0,0
1179097966969262083,1179105048611233794,1,1,1,1,0,1,0,0,0,0
1178970328539783168,1179006127134126082,0,0,0,0,0,0,0,0,0,0
1177108503493824512,1177222083283173378,0,0,0,0,0,0,0,0,0,1
1178269671126179845,1178370970001842176,0,0,0,0,0,0,0,0,1,0
1177688576231985153,1177689336684392448,1,1,0,1,0,0,0,0,0,0
1177582444159098881,1177583349117968385,1,1,0,1,0,0,0,0,0,0
1177155765678874625,1177157263389331456,1,1,0,1,1,0,0,0,0,0
1179400569527701508,1179457897148944384,0,0,0,0,0,0,0,0,1,0
1177499376987430912,1177566821614018560,1,1,0,1,1,0,0,0,0,0
1179336385930637312,1179658055983800322,0,0,0,0,0,0,0,0,0,1
1177574720788729856,1177579391112613895,1,1,1,1,0,0,1,0,0,0
1177694033302446080,1177811404902019072,0,0,0,0,0,0,0,0,0,1
1179894356259610624,1180028896802201602,1,1,0,0,1,0,0,0,0,0
1177126005116428288,1177126167360524289,1,1,0,1,1,0,0,0,0,0
1176969797801824262,1176970822742958080,1,1,0,1,0,0,0,0,0,0
1179661011797843968,1179700111288483841,1,0,1,0,0,0,1,0,0,0
1176139048903217154,1176593350612398080,0,0,0,0,0,0,0,0,0,0
1177130737671245824,1177130823784501248,1,1,1,1,1,0,1,0,1,0
1177323067338612736,1177588143387807744,0,0,0,0,0,0,0,0,0,1
1178039705063034881,1178281391857049601,1,1,0,0,1,0,0,0,0,0
1176834761995816960,1176956228603404288,1,1,1,1,0,1,0,0,0,0
1177985244827410432,1178594604570087425,0,0,0,0,0,0,0,0,1,0
1179871774651158529,1180035982063800320,0,0,0,0,0,0,0,0,0,1
1177331547411795969,1177335347971350528,1,1,1,1,1,1,1,0,0,0
1177155366641184768,1177155557666504705,1,1,0,1,0,0,0,0,0,0
1180013453769138177,1180148054105694208,0,0,0,0,0,0,0,0,1,0
1162614022501519365,1177230324583063553,0,0,0,0,0,0,0,0,0,1
1177930836122984448,1177938703362265088,1,1,1,1,0,1,0,0,0,0
1180115809546448898,1180116280315133954,1,1,0,1,0,0,0,0,0,0
1178315797728550912,1178316442166611968,1,1,0,0,1,0,0,0,0,0
1177985244827410432,1179265720171012097,1,1,0,1,0,0,0,0,1,0
1178766587156996096,1178767403091726339,1,0,1,0,0,0,1,0,0,0
1179660960195317760,1179769351882379264,1,1,0,1,1,0,0,0,0,0
1176911642950606851,1176913408739987462,1,1,1,0,1,0,1,0,0,0
1178941707095887872,1179276403004596229,1,1,1,1,1,0,1,0,0,0
1176992392014159873,1177106573979787264,1,1,0,1,0,0,0,0,0,0
1179267274664038400,1179267705821630464,1,1,0,1,0,0,0,0,0,0
1180046908108279808,1180069351384391681,0,0,0,0,0,0,0,0,1,1
1176864981775728640,1178172154761928705,1,1,1,1,0,1,0,0,0,0
1179687358167486464,1179688352850857985,1,1,0,1,0,0,0,0,0,0
1176870947313397761,1176880693550473216,0,0,0,0,0,0,0,0,1,0
1177890701868183554,1177991801669595136,1,1,0,1,0,0,0,0,0,0
1177150704173101056,1177155221140754432,1,1,1,1,1,1,0,0,0,0
1179158096729509891,1179322195211894784,1,1,0,1,0,0,0,0,0,0
1176079213495037953,1178911267798634497,1,1,1,0,1,0,1,0,0,0
1178360096763662336,1178591837520576512,1,1,0,1,0,0,0,0,1,0
1177480167939133440,1177485799585042432,1,1,0,1,0,0,0,0,0,0
1177423849882882048,1177486817928437761,1,1,0,1,0,0,0,0,0,0
1180079659523940352,1180081608596054016,1,1,1,1,0,0,1,0,0,0
1178273435803439104,1178747880636633090,1,1,1,1,0,0,1,0,0,0
1180088334120620033,1180088730545250305,1,1,0,1,0,0,0,0,0,0
1177627215154032640,1177646329784340481,1,1,0,1,1,0,0,0,0,0
1177462204393607170,1177463997613785096,0,0,0,0,0,0,0,0,1,1
1176987276041183233,1177114633032871936,1,1,0,1,0,0,0,0,1,0
1179759483578470400,1179853907461324800,1,1,0,1,1,0,0,0,0,0
1177610118311088128,1177631723653341184,1,1,0,1,0,0,0,0,0,0
1177556441818980352,1177557239118389249,1,1,0,1,1,0,0,0,0,0
1177304485405888513,1177304692436717569,0,0,0,0,0,0,0,0,1,0
1177679420036960256,1177687190748487683,0,0,0,0,0,0,0,0,1,0
1178570181955801089,1178604111454978048,1,1,1,1,1,0,1,0,0,0
1177998291096801280,1178000354644054018,0,0,0,0,0,0,0,0,1,0
1177327027864702976,1177328662326206464,1,1,0,1,0,0,0,0,1,0
1177224377202630660,1177316876822515712,1,1,0,1,1,0,0,0,0,0
1177232116024844288,1177489251627220992,1,1,1,1,0,1,0,0,0,0
1178218589737902080,1178340160230100992,1,1,0,1,0,0,0,0,0,0
1178546607505248256,1178687432801345538,0,0,0,0,0,0,0,0,1,0
1178269003967553536,1178344052208611331,0,0,0,0,0,0,0,0,0,1
1178215583017570304,1178357591765848065,1,1,0,1,0,0,0,0,0,0
1177164660384157696,1177167711551610880,1,1,0,1,1,0,0,0,0,0
1179114997357699079,1179167267633995777,1,0,1,0,0,0,1,0,1,0
1179660918952792065,1179752868477378560,0,0,0,0,0,0,0,0,1,0
1179637453830770688,1179655529355972608,1,1,0,1,0,0,0,0,1,0
1177130790800543745,1177259325364035584,0,0,0,0,0,0,0,0,0,0
1177581950233718785,1177701158963556354,1,1,0,1,0,0,0,0,0,0
1178389897914277888,1178391033710858240,1,1,0,1,0,0,0,0,0,0
1177113055999737857,1177130465347723264,1,1,0,1,0,0,0,0,0,0
1178648967879548930,1178929415285346306,1,1,1,1,0,1,0,0,0,0
1176894994751348736,1177197745477685250,1,1,0,1,0,0,0,0,0,0
1178919642758340608,1178936699411410944,1,1,0,1,0,0,0,0,0,0
1177885707140030464,1177890079613837313,1,1,0,1,0,0,0,0,0,0
1177146696549183488,1177174660557000704,1,1,1,1,0,1,0,1,0,0
1179807018166697984,1179816364439158786,1,1,1,1,0,0,1,0,0,0
1177175156244004864,1177175267418263552,1,0,1,0,0,0,1,0,0,0
1176888926679818240,1176985364453646336,0,0,0,0,0,0,0,0,0,1
1178262425134600197,1178267607956443138,1,1,0,1,0,0,0,0,1,0
1179867015022088202,1179940446245703681,1,1,0,1,0,0,0,0,0,0
1178379672574279680,1179266079639638022,1,1,1,1,0,1,0,0,0,0
1178982243701800961,1178983178477944833,1,1,0,1,0,0,0,0,0,0
1180148727564132354,1180149287596023808,0,0,0,0,0,0,0,0,0,1
1177575701576323072,1177587321010565121,1,1,0,1,1,0,0,0,0,0
1178646736593666048,1178661234184458241,1,1,1,1,0,0,0,1,1,0
1178864547689648129,1178919642758340608,0,0,0,0,0,0,0,0,0,1
1179382794167967746,1179384086344937472,1,1,0,1,0,0,0,0,0,0
1178574225336082432,1178995036685504512,1,1,1,1,0,0,1,0,0,0
1178290682760437760,1178303473697398784,1,1,0,1,0,0,0,0,0,0
1178313996098838528,1178539270539272192,1,1,0,1,1,0,0,0,1,0
1178314058115829760,1178325695702929408,0,0,0,0,0,0,0,0,0,1
1177598023012106241,1177598377426640896,1,1,0,1,0,0,0,0,0,0
1176942930340306944,1177007572752224257,0,0,0,0,0,0,0,0,1,1
1179436037736747013,1179436039183765504,1,1,1,0,1,0,1,0,0,0
1177192371395670017,1177192372616290307,1,1,0,1,0,0,0,0,0,0
1177327729701720075,1177328124423475212,1,1,1,1,0,1,0,0,0,0
1179785565547454465,1179928331254239232,1,1,0,0,1,0,0,0,0,0
1177942695043579904,1177944659810762753,0,0,0,0,0,0,0,0,0,1
1177540044187480067,1177643246249480199,0,0,0,0,0,0,0,0,1,0
1179860858257772550,1179938042301337602,1,1,0,1,1,0,0,0,0,0
1179101166212407296,1179272676403220481,1,1,0,1,0,0,0,0,0,0
1179301228775383040,1179378747004325889,1,1,0,1,0,0,0,0,0,0
1180030500049698822,1180140956651274240,0,0,0,0,0,0,0,0,0,1
1176947772035096576,1176953395657302016,1,0,1,0,0,0,1,0,0,0
1177153342474215425,1177160171753287680,1,1,0,1,0,0,0,0,0,0
1178350173799489541,1178371948503547909,1,1,0,1,0,0,0,0,0,0
1178781750367068162,1178888553373327360,0,0,0,0,0,0,0,0,0,0
1177180836602531841,1177185011071631361,1,1,0,1,0,0,0,0,0,0
1179686944378441729,1179688170935468032,1,1,1,1,0,0,1,0,0,0
1179636249776275457,1179648572305883137,1,1,0,1,0,0,0,0,0,0
1179388394125844482,1179670305196908544,1,1,1,1,0,1,0,0,0,0
1177160759719190532,1177494426748194817,1,1,0,1,1,0,0,0,0,0
1176912541748006918,1178443892347166721,0,0,0,0,0,0,0,0,0,1
1179520452877848576,1179523121923141632,0,0,0,0,0,0,0,0,1,0
1177230792596099072,1177231271736610816,1,1,1,1,0,1,0,0,0,0
1179136000532127746,1179269279935537154,0,0,0,0,0,0,0,0,1,0
1177824075684728832,1177826446733189121,1,1,0,1,0,0,0,0,0,0
1176067827809361920,1176068117686030336,1,1,1,0,1,1,0,0,0,0
1179362665166192641,1179385377448169472,0,0,0,0,0,0,0,0,0,1
1177985244827410432,1178214306053345280,1,1,0,1,0,0,0,0,1,0
1176870619390119941,1176904700714770434,1,1,0,1,0,0,0,0,0,0
1177985244827410432,1178217590289764352,1,1,1,1,0,1,0,0,0,0
1177119342779142144,1177145198545182720,1,1,0,1,0,0,0,0,0,0
1179886285990891520,1179974947608956928,1,1,0,1,0,0,0,0,0,0
1177504887501815809,1178298929802354690,1,1,0,1,0,0,0,0,0,0
1178075233015750660,1178216028255457280,1,1,0,1,0,0,0,0,0,0
1177124550708015109,1177162337427611649,0,0,0,0,0,0,0,0,0,1
1177610089932427271,1177610625410666497,1,0,1,0,0,0,1,0,0,0
1178783392755863553,1178983371403386880,0,0,0,0,0,0,0,0,0,1
1178290786657587200,1178314491865550848,1,1,1,1,0,1,0,0,1,0
1176833031547555841,1176851490222350338,1,1,0,1,0,0,0,0,0,0
1179126131926192129,1179177713531265025,1,1,0,1,1,0,0,0,0,0
1177578118325907456,1177606949724135424,1,1,0,1,0,0,0,0,0,0
1180121377585733632,1180124783251460096,1,1,0,1,0,0,0,0,0,0
1176934132867313664,1176934482965745664,0,0,0,0,0,0,0,0,1,0
1177836582738497536,1177849323649982465,1,1,1,1,0,0,1,0,0,0
1176076662196363264,1176111160929599488,0,0,0,0,0,0,0,0,0,1
1177638764115582976,1177924761663475712,1,1,0,1,0,0,0,0,0,0
1179414005015822336,1179421480133758977,1,1,0,1,1,0,0,0,0,0
1177132237420187648,1177134166879744001,1,1,1,1,0,1,0,0,0,0
1178996610572926976,1179110196557307904,0,0,0,0,0,0,0,0,1,0
1178316037760126976,1178376206703644672,0,0,0,0,0,0,0,0,0,1
1178061278767718401,1178197982606442496,0,0,0,0,0,0,0,0,1,1
1179047051893641216,1179054248287440896,1,1,0,1,1,0,0,0,0,0
1179034811861569536,1179284151616393216,1,1,0,1,0,0,0,0,0,0
1178732743745822720,1179627408263192577,1,1,0,1,0,0,0,0,0,0
1178718523255873536,1178921607538057217,0,0,0,0,0,0,0,0,1,0
1178312480625479681,1178313228687949826,1,1,0,1,0,0,0,0,0,0
1179007315011362816,1179108355387854849,1,1,0,1,0,0,0,0,0,0
1179797619335421952,1179884498529460231,1,1,1,1,0,0,1,0,0,0
1177593235348348929,1177600935729815552,1,1,1,1,1,1,0,0,0,0
1178637120019324932,1178676480689262593,1,1,0,1,0,0,0,0,0,0
1179124110040977410,1179262377193361408,1,1,0,1,0,0,0,0,0,0
1178239562671370240,1178242470355836929,1,1,0,0,1,0,0,0,1,0
1178378978744324097,1178379882532933632,1,1,1,1,0,1,0,0,0,0
1177897224140967936,1177902695665094657,0,0,0,0,0,0,0,0,0,1
1177290344293195776,1177291377643859968,0,0,0,0,0,0,0,0,1,0
1177121029128372224,1177168062061121536,1,1,1,1,0,1,0,0,0,0
1177123844555005952,1177123846568185856,1,1,0,1,1,0,0,0,0,0
1176821532204683264,1176850808157212672,0,0,0,0,0,0,0,0,1,0
1179280369780187141,1179280372179378176,1,1,0,1,0,0,0,0,0,0
1177492121143525376,1177870618529861632,1,1,0,1,1,0,0,0,0,0
1177903017032650752,1177906082016108544,1,1,0,1,0,0,0,0,0,0
1176229581277319180,1179863005376516098,1,1,0,1,0,0,0,0,0,0
1177617125604769792,1177687239763124225,1,1,1,1,0,0,1,0,0,0
1179866073467949057,1179900880591691776,1,1,1,1,0,0,1,0,0,0
1176786367021572096,1176887331783155714,1,1,0,0,1,0,0,0,0,0
1177188886809862144,1177193380176125952,1,1,1,1,0,0,0,1,0,0
1177689387271884800,1177689744077152256,1,1,0,1,0,0,0,0,0,0
1177445221455417345,1177592585340276738,1,1,0,1,0,0,0,0,0,0
1178567388742246406,1178571129260269568,1,0,1,0,0,0,1,0,0,0
1178106241782030336,1178107352110784512,0,0,0,0,0,0,0,0,0,1
1177224503186927621,1177237735045775360,1,1,0,1,1,0,0,0,0,0
1178576091159642112,1178641524051107840,1,1,1,1,0,1,0,0,0,0
1179362083772796931,1179366894157086723,1,1,0,1,0,0,0,0,0,0
1176887804602789890,1178136666868989953,0,0,0,0,0,0,0,0,0,1
1177868826886705153,1177870262165032961,1,1,0,1,0,0,0,0,0,0
1178370802443542528,1178397918442770432,1,1,1,1,0,0,1,0,0,0
1177160221849989122,1177162244859322368,1,1,1,1,1,0,1,0,0,0
1179125975700951041,1179454676305154048,0,0,0,0,0,0,0,0,0,1
1176161138473656323,1176825119542562816,0,0,0,0,0,0,0,0,0,1
1176935749960306689,1176961988968222721,0,0,0,0,0,0,0,0,0,1
1178229187141865472,1178234777343873024,0,0,0,0,0,0,0,0,0,1
1176894047182565377,1176899761284235269,0,0,0,0,0,0,0,0,1,1
1179401237210566656,1179643942222143489,1,1,0,1,1,0,0,0,0,0
1179129232531902466,1179139389479440388,1,1,0,1,1,0,0,0,0,0
1180013453769138177,1180079848879992832,0,0,0,0,0,0,0,0,1,1
1177092895972712448,1177095387649380353,0,0,0,0,0,0,0,0,1,0
1177192069846188034,1177194249156255745,1,1,0,1,1,0,0,0,0,0
1179777152859938816,1179782712045035520,1,1,0,1,0,0,0,0,0,0
1178803573565595649,1178910216018124802,1,1,0,1,0,0,0,0,1,0
1179277621970063361,1179406690900426758,1,1,0,1,1,0,0,0,0,0
1176224736591958017,1176262888010452992,1,1,1,0,1,0,1,0,0,0
1178378894476488704,1178387632080003073,1,1,0,1,1,0,0,0,0,0
1180022183277600768,1180140669081391104,1,1,0,1,0,0,0,0,0,0
1180044537718349825,1180066410032181248,0,0,0,0,0,0,0,0,1,0
1179507359485440005,1179507362081759237,1,1,0,1,0,0,0,0,0,0
1179675507648016384,1179677829405036544,0,0,0,0,0,0,0,0,1,1
1177252454079115264,1177256815593250816,1,1,0,0,1,0,0,0,0,0
1180015038624604166,1180021979786678272,1,0,1,0,0,0,1,0,0,0
1178915857860308993,1178917615382781952,1,1,0,1,1,0,0,0,0,0
1178729589184585730,1178740458568273920,1,1,0,1,0,0,0,0,0,0
1180077730504859650,1180080195920945152,0,0,0,0,0,0,0,0,1,0
1179128819963351040,1179502939355918336,1,1,0,1,1,0,0,0,0,0
1180031333139136513,1180033056398352384,1,0,1,0,0,0,1,0,0,0
1177897527011618817,1177900402454466560,0,0,0,0,0,0,0,0,0,1
1176242376668581888,1176513260125863937,1,1,0,1,0,0,0,0,0,0
1176405375328882688,1176476622305804291,1,1,0,1,0,0,0,0,0,0
1177678105621749761,1177906880959651841,1,1,1,1,0,0,1,0,0,0
1178970620119441409,1178992922274013187,1,1,0,0,1,0,0,0,0,0
1179816338895839235,1180044361654046720,1,0,1,0,0,0,1,0,0,0
1177985115533795329,1177985599560658944,1,1,0,1,0,0,0,0,0,0
1176930771275276288,1176932561056149505,1,1,1,1,1,1,0,0,0,0
1179734172878938112,1179901865686945794,1,1,1,1,0,1,0,0,0,0
1178560040975966215,1178793975353954309,0,0,0,0,0,0,0,0,1,0
1179452574795206656,1179510412892655616,0,0,0,0,0,0,0,0,0,1
1177253708314435585,1177276895219593216,1,1,0,1,0,0,0,0,0,0
1176510413414027265,1176555270077657088,1,1,0,1,1,0,0,0,0,0
1177853781603692544,1177997416483753984,1,1,0,1,0,0,0,0,0,0
1179709035718819840,1179709997212667904,1,1,0,1,0,0,0,0,0,0
1178775032593633282,1178777032530042880,1,1,0,1,0,0,0,0,0,0
1179174159647158272,1179233621250576386,0,0,0,0,0,0,0,0,0,1
1177640097136689153,1177651006508797952,1,1,0,1,1,0,0,0,0,0
1178742792119562241,1179054739369201664,1,1,0,1,0,0,0,0,0,0
1179259765517619207,1179263094087995392,1,1,0,1,0,0,0,0,0,0
1178707704103231488,1179029642675539969,0,0,0,0,0,0,0,0,1,0
1177167118254714881,1177168436864200704,1,1,0,1,1,0,0,0,0,0
1178629509639213061,1179126640963706888,1,1,0,1,1,0,0,0,0,0
1179034811861569536,1179112302513152001,1,1,0,1,0,0,0,0,0,0
1177483986278371328,1177484503192723457,1,1,0,1,0,0,0,0,0,0
1178722607501320194,1178925726382350341,0,0,0,0,0,0,0,0,0,0
1178620404392431616,1178943419177226240,0,0,0,0,0,0,0,0,0,1
1178288865389490176,1178289988158537728,1,1,0,1,0,0,0,0,1,0
1177633891533950977,1177639931960791042,1,1,1,1,0,1,0,0,0,0
1177482029903966208,1177525545585782784,1,1,0,1,0,0,0,0,0,0
1178025416071749632,1178241412430733312,1,1,0,1,1,0,0,0,0,0
1176809406501195776,1176834761995816960,0,0,0,0,0,0,0,0,0,1
1177250913377017858,1178241179156131840,1,1,0,1,0,0,0,0,0,0
1179440196867252224,1179441540550270977,1,1,0,1,0,0,0,0,0,0
1178264921022369792,1178266256476184576,0,0,0,0,0,0,0,0,0,1
1177156453766979585,1177156873914605568,1,1,0,0,1,0,0,0,0,0
1177989025174568962,1177989958205874176,1,0,1,0,0,0,1,0,0,0
1179316557090115584,1179422965034868738,1,1,0,1,0,0,0,0,0,0
1178701002926694402,1179375765617614848,1,0,1,0,0,0,1,0,0,0
1177941444717416449,1177944781965729792,1,1,0,1,0,0,0,0,0,0
1177143219030843392,1177233319639035904,1,1,0,1,0,0,0,0,0,0
1175677177100156929,1176113711897042945,1,1,1,1,1,1,1,0,0,0
1178600931002322945,1178604305202532352,1,0,1,0,0,0,1,0,0,0
1178549326274088961,1179363966881062912,1,1,0,0,1,0,0,0,0,0
1178254856127238145,1178257232284262400,0,0,0,0,0,0,0,0,1,0
1177611913372622848,1177659081932312576,1,1,0,1,0,0,0,0,0,0
1177512828472717317,1178039936253153287,0,0,0,0,0,0,0,0,1,0
1177512764538904577,1177947659786735616,1,1,0,1,0,0,0,0,0,0
1180094486418018306,1180112369688686593,1,1,0,1,0,0,0,0,1,0
1178661604893827072,1178666020027981824,0,0,0,0,0,0,0,0,1,1
1178890860236300294,1178931673678909440,0,0,0,0,0,0,0,0,1,0
1178409159722708994,1178409965591113728,1,1,0,1,0,0,0,0,0,0
1177118533471416322,1177119089162104832,1,1,0,1,0,0,0,0,0,0
1178791323341590529,1178792020418138117,1,1,1,1,0,1,0,0,0,0
1177323172452032513,1177330930752589859,1,1,0,1,0,0,0,0,0,0
1178606235219873792,1178611889405857793,1,1,0,1,0,0,0,0,0,0
1177245591522463744,1177246158634270721,0,0,0,0,0,0,0,0,0,0
1177225462583648256,1177228381252968454,1,0,1,0,0,0,1,0,0,0
1177184275818565632,1177198762462261248,1,1,0,0,1,0,0,0,0,0
1178064348251643904,1178228481693495297,1,1,1,1,0,1,0,0,0,0
1180066860844376066,1180069418291941377,0,0,0,0,0,0,0,0,1,0
1180026562738962438,1180028351605624832,1,1,1,0,1,0,1,0,0,0
1177619759409614848,1177725474103025667,1,1,0,1,0,0,0,0,1,0
1176612679357751297,1176871827655843840,1,1,1,1,1,1,0,0,0,0
1178756378778853376,1178757313869549571,1,1,1,0,1,0,1,0,0,0
1178424785103134720,1178667867295928320,0,0,0,0,0,0,0,0,1,0
1176955576137453570,1179006847220625409,1,1,1,1,0,1,0,0,0,0
1178660518271303680,1178670940848316416,0,0,0,0,0,0,0,0,1,0
1178032637836955653,1178033114238652416,1,1,0,1,0,0,0,0,0,0
1176211101698146304,1176367181141032960,1,1,0,1,1,0,0,0,0,0
1179288816655486976,1179299900879593473,0,0,0,0,0,0,0,0,0,0
1180071418203127808,1180082329726926849,1,1,0,1,0,0,0,0,0,0
1176064888734703616,1177236127004143618,0,0,0,0,0,0,0,0,1,1
1179697049039753216,1179794124490313732,1,1,0,1,0,0,0,0,0,0
1179633987620397058,1179634735934578689,0,0,0,0,0,0,0,0,1,1
1178031070505291782,1178045838746144770,0,0,0,0,0,0,0,0,1,1
1179288816655486976,1179304353150197760,1,1,0,1,0,0,0,0,0,0
1176899761284235269,1177099402349088769,1,1,1,1,1,1,0,0,0,0
1177105210436718592,1177277162879107072,1,1,1,0,1,0,1,0,0,0
1178965628050460672,1179014829367054336,0,0,0,0,0,0,0,0,0,1
1177147754637877248,1177193632652300289,1,1,0,1,1,0,0,0,0,0
1176908828593598467,1176961865093668874,1,1,0,1,0,0,0,0,0,0
1177959193132838912,1177978950888411136,0,0,0,0,0,0,0,0,1,0
1179066937575460865,1179072708736376833,1,1,0,1,0,0,0,0,0,0
1177966561031852032,1177968003654266880,1,1,0,1,0,0,0,0,0,0
1178941811840212992,1178962302617493504,1,1,0,0,1,0,0,0,0,0
1177462897707909120,1177488819634896899,1,1,0,1,0,0,0,0,0,0
1177675960252010496,1177679340710105088,1,1,1,1,0,1,0,0,0,0
1177826269360201728,1177840223591567360,0,0,0,0,0,0,0,0,1,1
1177869036295774208,1177976241284100097,1,1,1,1,0,1,0,0,0,0
1177506388966178817,1177653293000134656,1,1,0,1,0,0,0,0,1,0
1179423478291849216,1179467572661633024,0,0,0,0,0,0,0,0,0,1
1177534110262353920,1177879155045781505,1,1,1,1,0,1,0,0,0,0
1178959725318344704,1178963910512132096,1,1,1,1,1,1,0,0,0,0
1176912550677622784,1176933754046169088,1,1,0,1,0,0,0,0,0,0
1179825324600770561,1179863626678751233,1,1,0,1,1,0,0,0,0,0
1177884570714288129,1178479444534517761,0,0,0,0,0,0,0,0,0,1
1178403073988927496,1178405303219560452,1,1,1,1,0,0,1,0,0,0
1177834726503137280,1177899002257448960,1,1,0,1,0,0,0,0,0,0
1179017800905641984,1179123431343902721,1,1,0,1,0,0,0,0,0,0
1178227433901703168,1179297894660214784,0,0,0,0,0,0,0,0,0,1
1179034811861569536,1179163572049498114,0,0,0,0,0,0,0,0,0,1
1176982434283446272,1176983571409641472,1,1,0,1,1,0,0,0,0,0
1177915706811326464,1177966601389400065,0,0,0,0,0,0,0,0,1,1
1178977152559128576,1179145740897181696,0,0,0,0,0,0,0,0,1,0
1179363027742801920,1179366187597287425,1,1,0,1,0,0,0,0,0,0
1179120319891677184,1179436596417957889,0,0,0,0,0,0,0,0,1,0
1178228138867859457,1178230879770091520,1,1,0,0,1,0,0,0,0,0
1178241592370565125,1178249285340667904,0,0,0,0,0,0,0,0,1,0
1179735722028343299,1179913046766080000,0,0,0,0,0,0,0,0,0,1
1177644190542503936,1177654383024193536,0,0,0,0,0,0,0,0,0,1
1178942615833759744,1178946002981666816,1,1,1,1,0,0,1,0,0,0
1178292800879763456,1178293282243317761,1,1,0,1,1,0,0,0,0,0
1179064905611321344,1179123282890674178,0,0,0,0,0,0,0,0,1,0
1177659075653439489,1177683078447353857,1,0,1,0,0,0,1,0,0,0
1176927657138802689,1177235604683313152,1,1,0,1,0,0,0,0,0,0
1177853265679130624,1177854608607268864,1,1,0,1,0,0,0,0,0,0
1177813265025556482,1178605999428685824,1,1,0,1,0,0,0,0,0,0
1178723354376855552,1178727006822948866,1,1,0,1,0,0,0,0,0,0
1176735561735950342,1177058492722700293,1,1,0,1,0,0,0,0,1,0
1180005531077021698,1180024434222075904,1,1,0,1,0,0,0,0,0,0
1179020379848921089,1179021857191792640,1,1,0,1,1,0,0,0,0,0
1177108337177112581,1177129736541298688,0,0,0,0,0,0,0,0,0,1
1176476821774381066,1179681740916441088,1,1,0,1,0,0,0,0,0,0
1177565472579104768,1177570969373818880,0,0,0,0,0,0,0,0,1,0
1179117995114864640,1179118316302061568,0,0,0,0,0,0,0,0,1,0
1177183197030952960,1177314672246165512,0,0,0,0,0,0,0,0,0,1
1179476049400389632,1179482951115051008,1,0,1,0,0,0,1,0,0,0
1177462876434501632,1177471525462536197,0,0,0,0,0,0,0,0,0,1
1177135501842747392,1177153484426268672,0,0,0,0,0,0,0,0,0,1
1177323067338612736,1177655659019603968,0,0,0,0,0,0,0,0,0,1
1177085973433409536,1177086891386114049,0,0,0,0,0,0,0,0,1,0
1178232726283067397,1178234515371757570,1,1,1,1,1,1,0,0,0,0
1178732743745822720,1178748202947923969,0,0,0,0,0,0,0,0,1,0
1177158616438194176,1177245652897714176,1,1,0,1,1,0,0,0,0,0
1179448611714846727,1179455161774870528,1,1,0,1,1,0,0,0,0,0
1179329609533399040,1179334224572276736,1,1,0,1,0,0,0,0,0,0
1178723610208460800,1178725930098974722,0,0,0,0,0,0,0,0,0,1
1177563097646739457,1177564013640785923,1,1,0,1,1,0,0,0,0,0
1178369806506037248,1178426885266710531,0,0,0,0,0,0,0,0,0,1
1179077630773141511,1179083239559970818,0,0,0,0,0,0,0,0,1,0
1176459520584966144,1176486945213571072,1,1,0,1,0,0,0,0,0,0
1180006750650535936,1180064289740251138,1,1,0,1,0,0,0,0,0,0
1179085594653286401,1179086044702085125,1,0,1,0,0,0,1,0,0,0
1179278592779444224,1179362083772796931,1,1,1,1,0,1,0,0,0,0
1166226103570186240,1178246573991567361,1,1,0,1,0,0,0,0,0,0
1177606498794516486,1177613040889618436,1,1,0,1,1,0,0,0,0,0
1177475322263949313,1177501921243881474,1,1,1,1,1,0,1,0,0,0
1178320271285063680,1178320616275005442,0,0,0,0,0,0,0,0,1,0
1177549697826873345,1177559608547848194,0,0,0,0,0,0,0,0,0,0
1178548724714414080,1178554420663066624,0,0,0,0,0,0,0,0,1,0
1177286092606922753,1177456191154221058,1,1,0,1,1,0,0,0,0,0
1178912719132602369,1178941969147535360,1,1,0,1,0,0,0,0,0,0
1179163163771707394,1179164771729465344,0,0,0,0,0,0,0,0,0,0
1177220741575716864,1177221190903091200,0,0,0,0,0,0,0,0,1,0
1177654135350534147,1177820148146806784,0,0,0,0,0,0,0,0,0,1
1178263803055808512,1178279867907035136,1,0,1,0,0,0,1,0,0,0
1179290086824976389,1179303744766394368,1,1,0,1,0,0,0,0,0,0
1180124037722394625,1180124354660749312,1,1,0,1,0,0,0,0,0,0
1177610118311088128,1177911357473251330,1,1,0,1,0,0,0,0,0,0
1179716361452490752,1179720405180977153,0,0,0,0,0,0,0,0,1,0
1177691643719409665,1177828312212742144,0,0,0,0,0,0,0,0,1,0
1177174660557000704,1177175080905977856,1,1,0,1,1,0,0,0,0,0
1176986445346721792,1177596538014576652,1,1,0,1,1,0,0,0,1,0
1177146308970319872,1177146637065609216,1,1,1,1,0,1,0,0,0,0
1177109162792226817,1177109665022402560,1,1,0,1,1,0,0,0,1,0
1178732743745822720,1178746354388086784,1,1,0,1,0,0,0,0,0,0
1179047506526777344,1179286537630093314,0,0,0,0,0,0,0,0,1,0
1177508323777601538,1177510066091544576,1,1,0,1,0,0,0,0,0,0
1177986913619369985,1178084170301607936,0,0,0,0,0,0,0,0,1,0
1176931375091523585,1176949756234477572,0,0,0,0,0,0,0,0,0,0
1179347312822362112,1179348941122494464,1,1,1,1,0,1,0,0,0,0
1177187892348751873,1177485720488824832,1,1,1,1,0,1,0,0,0,0
1177134161808777216,1177134547642789888,0,0,0,0,0,0,0,0,0,1
1177515790146269184,1177518689182109697,1,1,0,1,1,0,0,0,0,0
1178864547689648129,1178959637539954688,1,1,0,1,0,0,0,0,0,0
1178609885325533184,1179137978209378304,0,0,0,0,0,0,0,0,0,1
1180086052352081922,1180139555598557184,1,1,1,1,0,1,0,0,0,0
1180146421061824512,1180146882439503872,1,1,0,1,0,0,0,0,0,0
1179433312579969025,1179433314127683585,1,0,1,0,0,0,1,0,0,0
1177648698249093120,1177650896634822661,1,1,0,1,0,0,0,0,0,0
1179486675732488195,1179488123635539968,1,0,1,0,0,0,1,0,0,0
1178655282265837570,1178665807104090112,1,1,0,1,0,0,0,0,1,0
1177298226946482176,1177308256856924162,1,1,0,1,0,0,0,0,0,0
1179147857120628736,1179150033645686791,1,1,0,1,1,0,0,0,0,0
1179846147738869760,1179846968518090752,0,0,0,0,0,0,0,0,0,1
1177836983776874497,1177950229481623552,1,1,0,1,0,0,0,0,0,0
1178370149340065798,1178372724454019077,1,1,0,1,0,0,0,0,0,0
1177323067338612736,1177589717795299329,1,1,0,1,0,0,0,0,1,0
1177854427279118336,1177854521961275392,1,0,1,0,0,0,1,0,0,0
1176935808697344000,1177196782369087491,1,1,1,1,1,0,1,0,0,0
1180023555125383169,1180072214613430273,0,0,0,0,0,0,0,0,1,0
1178572085679067136,1178623006081503232,0,0,0,0,0,0,0,0,0,1
1178326619989139457,1178370340206108672,1,1,1,1,0,1,0,0,0,0
1178952449886957568,1178963840383500289,1,0,1,0,0,0,1,0,0,0
1179697964559818753,1179835572560568328,0,0,0,0,0,0,0,0,0,1
1177891828978343937,1177898049676419072,1,1,1,0,1,1,0,0,0,0
1178749114407895041,1178759114014515201,1,1,1,1,0,1,0,0,0,0
1179972918861864960,1179986483492642817,0,0,0,0,0,0,0,0,0,1
1178704189901418496,1178704497104699393,1,1,0,1,0,0,0,0,0,0
1178460851327639552,1178538551262224384,1,1,1,0,1,1,0,0,0,0
1177890701868183554,1177919379465527298,0,0,0,0,0,0,0,0,1,0
1179443243043508224,1179443560636178438,1,1,0,0,1,0,0,0,0,0
1179485370762825730,1179548933078618112,1,1,0,1,0,0,0,0,0,0
1179457700268318721,1179863990815662080,0,0,0,0,0,0,0,0,1,0
1179820921953148929,1180018308906659840,1,1,1,1,1,0,1,0,0,0
1179050052137967617,1179882874427904000,0,0,0,0,0,0,0,0,0,1
1179171299379306497,1179252629333041152,0,0,0,0,0,0,0,0,1,1
1177896349225951233,1177896793935417344,0,0,0,0,0,0,0,0,0,0
1178723132296847361,1178761948818792464,1,1,1,1,1,0,1,0,0,0
1177562630971699200,1178708361526874112,1,1,1,1,0,1,0,0,0,0
1177730961720692737,1177731877584691201,1,1,0,0,1,0,0,0,0,0
1177808895147950085,1177908427521175552,1,1,0,1,1,0,0,0,0,0
1178256344085864449,1178262103624421378,1,1,0,0,1,0,0,0,0,0
1178205785005776896,1178208317748981760,0,0,0,0,0,0,0,0,1,0
1177065037057417216,1177071356258635776,0,0,0,0,0,0,0,0,0,1
1176446031002836992,1176459520584966144,1,1,0,1,1,0,0,0,0,0
1177132708331495424,1177133940362153985,1,1,0,1,0,0,0,0,0,0
1179051555514966021,1179052554644267008,1,1,1,1,0,1,0,0,0,0
1178258579150819329,1178292710240931840,0,0,0,0,0,0,0,0,1,0
1176855528754098176,1179694193343643648,1,1,0,1,0,0,0,0,0,0
1178723132296847361,1178927331605438467,1,1,1,1,0,0,1,0,0,0
1179317119198076931,1179321876486725632,1,1,0,0,1,0,0,0,0,0
1178210247586058240,1178252466678325254,0,0,0,0,0,0,0,0,0,1
1179492648505237506,1179696531915644928,0,0,0,0,0,0,0,0,0,1
1177228404661338115,1177228525050486785,1,1,0,1,1,0,0,0,0,0
1179999566571008000,1180155224880766978,0,0,0,0,0,0,0,0,1,0
1180060031766716417,1180069212548714501,0,0,0,0,0,0,0,0,1,0
1178976347714023429,1179090766372712449,1,1,1,1,0,1,0,0,0,0
1177834726503137280,1177866049536049154,1,1,0,1,0,0,0,0,0,0
1178341257787121664,1178347302559391750,1,1,1,1,1,0,1,0,1,0
1179798018012385281,1179801986121785349,1,1,1,1,0,0,1,0,1,0
1176974505140465670,1177181865284952064,0,0,0,0,0,0,0,0,0,1
1179109605261099008,1179145842550284289,1,1,1,1,1,1,0,0,0,0
1177900315619799041,1177906392084164610,1,1,1,1,1,0,1,0,0,0
1178271539801841664,1178271933835730944,0,0,0,0,0,0,0,0,0,1
1176821462524735490,1176822711437463553,1,1,1,0,1,0,1,0,0,0
1180001588842237953,1180052139160276992,0,0,0,0,0,0,0,0,1,0
1180054506006036480,1180055507589050368,0,0,0,0,0,0,0,0,1,0
1179016239995392003,1179028047955136512,1,1,0,1,0,0,0,0,0,0
1178361530385096705,1178367274236952577,1,1,0,1,0,0,0,0,0,0
1179008327361142784,1179051128350216193,1,0,1,0,0,0,1,0,1,0
1179285000203751424,1179347532339716096,1,1,0,1,0,0,0,0,0,0
1178034249288560643,1178034680911794178,0,0,0,0,0,0,0,0,0,1
1178306683417907203,1178313618414342145,1,1,1,1,1,1,0,0,0,0
1177254964705538050,1177283583540703232,1,1,1,1,0,1,0,0,0,0
1178672544112631808,1179431673580183553,0,0,0,0,0,0,0,0,0,1
1175052731855331328,1177517138103296000,1,1,0,1,0,0,0,0,0,0
1179444305557180417,1179497689119121411,1,1,1,1,0,1,0,0,0,0
1177369863398002691,1177477175173189636,1,1,0,1,1,0,0,0,0,0
1178269671126179845,1178372252540256257,1,1,0,1,0,0,0,0,0,0
1177209013446094848,1177209158971678720,0,0,0,0,0,0,0,0,1,0
1179308116007178240,1179308657688924160,1,1,1,1,0,0,1,0,0,0
1169349452794138624,1177929134208688130,0,0,0,0,0,0,0,0,1,0
1178075233015750660,1178321526875185155,1,1,0,1,1,0,0,0,0,0
1177203311268769799,1179107432129273856,1,0,1,0,0,0,1,0,0,0
1177630078576009217,1177630907609632769,1,1,0,1,1,0,0,0,0,0
1177722173315862529,1177723306868432901,1,1,0,1,0,0,0,0,0,0
1177111078213472257,1177111636567572481,1,1,0,1,1,0,0,0,0,0
1178993281251840001,1179025039087288326,1,1,1,1,0,0,0,1,0,0
1178707704103231488,1179044980029116419,1,0,1,0,0,0,1,0,0,0
1179031450919686150,1179275649883750401,0,0,0,0,0,0,0,0,1,0
1177467431326892032,1177468027446550528,1,1,1,1,0,1,0,0,0,0
1178038066822430725,1178070246063853568,0,0,0,0,0,0,0,0,1,1
1177315603310415873,1177316510420918273,1,1,0,0,1,0,0,0,0,0
1178691921998483461,1178757072504143872,1,1,0,1,1,0,0,0,0,0
1176965941114167301,1176966667995373570,1,1,0,1,1,0,0,0,0,0
1179651354698113025,1180024351279779840,1,1,0,1,0,0,0,0,0,0
1178397695704272896,1178398407699959809,0,0,0,0,0,0,0,0,1,0
1177847572616171520,1178250044505493504,1,1,1,1,0,1,0,0,0,0
1175750414463094787,1178696122849775616,1,1,1,1,1,0,0,1,0,0
1179716915733975041,1179758616372531202,1,1,0,1,0,0,0,0,0,0
1177507698792775682,1177561807390695424,0,0,0,0,0,0,0,0,0,1
1178909391237582848,1179137861016281089,1,1,0,1,0,0,0,0,0,0
1179501994249207809,1179502370797113353,1,1,0,1,0,0,0,0,0,0
1177316171911221249,1177612210656428034,1,1,0,1,0,0,0,0,0,0
1177133941792411649,1177310091600650240,1,1,0,1,0,0,0,0,0,0
1178569367216414720,1178575239585914881,1,1,0,1,0,0,0,0,0,0
1177120754913218561,1177127166779232256,1,0,1,0,0,0,1,0,0,0
1179035566345601024,1179408447303032833,0,0,0,0,0,0,0,0,0,1
1178252570848104448,1178252868807204865,1,1,0,1,0,0,0,0,0,0
1177477225693626368,1177564440197287937,1,1,0,1,1,0,0,0,0,0
1178262046611247104,1178262453257457664,1,1,0,1,0,0,0,0,0,0
1177314595830149121,1177316968766091266,0,0,0,0,0,0,0,0,0,0
1178923470014562304,1179069113655812102,1,0,1,0,0,0,1,0,0,0
1179023423009251328,1179289333662126080,0,0,0,0,0,0,0,0,0,1
1179027789946769409,1179323052087226368,0,0,0,0,0,0,0,0,1,0
1179626790819684354,1179627325320679424,1,1,0,1,0,0,0,0,0,0
1177363094357647362,1178184969757380609,0,0,0,0,0,0,0,0,1,0
1179401237210566656,1179502842098409475,1,0,1,0,0,0,0,1,0,0
1177171249614774273,1177185023579033602,0,0,0,0,0,0,0,0,1,0
1177876354857086977,1178046053469315073,0,0,0,0,0,0,0,0,1,1
1176956149054267392,1176956708331147267,0,0,0,0,0,0,0,0,0,0
1176880045798973440,1178296776585072640,1,1,1,1,1,1,0,0,0,0
1177564818829729792,1178356206936739840,1,1,0,1,1,0,0,0,0,0
1177277708885209090,1177278876852137984,1,1,0,0,1,0,0,0,0,0
1177525302685261824,1177632417840021505,1,1,1,1,0,0,1,0,0,0
1178670186691530754,1178982129834893313,1,1,0,1,0,0,0,0,0,0
1177224754580938752,1177226064629829632,1,1,0,1,1,0,0,0,0,0
1179651379318657024,1179654288613810176,1,1,0,1,0,0,0,0,0,0
1179739129179000837,1180068098193395716,1,1,0,1,0,0,0,0,0,0
1176981860213280768,1176982419674685440,0,0,0,0,0,0,0,0,1,0
1177265327555694593,1177483189838737410,1,1,1,1,0,0,1,0,0,0
1176867619015708672,1177160682057412609,1,1,0,1,0,0,0,0,0,0
1177557145967091712,1177639762959708160,1,1,0,1,1,0,0,0,0,0
1177204574337286146,1177210479158157312,1,1,0,0,1,0,0,0,0,0
1179274438833004544,1179287227488227335,1,1,0,0,1,0,0,0,0,0
1178719376306065408,1178741632847548416,1,1,0,0,1,0,0,0,1,0
1177985244827410432,1178010897035476993,1,1,0,1,0,0,0,0,0,0
1177129962240974848,1177160348224430080,0,0,0,0,0,0,0,0,0,1
1176797957833801729,1177252052596137989,1,1,0,1,0,0,0,0,0,0
1179641123209383941,1179643096214183936,0,0,0,0,0,0,0,0,1,0
1179440196867252224,1179457483485728768,1,1,0,1,0,0,0,0,0,0
1177583651489488897,1177584303343132672,1,1,0,1,0,0,0,0,0,0
1177204317100658688,1177824386998517761,1,1,0,1,0,0,0,0,0,0
1177445401282039809,1177707231745396737,0,0,0,0,0,0,0,0,1,0
1177584468057559041,1177591427561381888,1,1,1,1,0,0,1,0,0,0
1177251483022004225,1178912870249242624,1,1,1,1,1,1,0,0,0,0
1177116588505534465,1177130083322085376,1,1,0,1,0,0,0,0,0,0
1177120114694656000,1177140315611959296,1,1,1,1,0,1,0,0,0,0
1177492121143525376,1177613470931570693,1,0,1,0,0,0,1,0,0,0
1179035566345601024,1179729447487975424,0,0,0,0,0,0,0,0,0,1
1178904914732425217,1178916946449973248,0,0,0,0,0,0,0,0,0,1
1178025416071749632,1178230040598863872,1,1,0,1,0,0,0,0,0,0
1179121500844167168,1179122191868268545,1,1,1,1,0,0,1,0,0,0
1178191373771653120,1178218897943732226,1,1,0,0,1,0,0,0,1,0
1177105721420341248,1177107545678340096,1,1,0,1,0,0,0,0,0,0
1176846612968222720,1177093464829435904,1,1,0,1,0,0,0,0,0,0
1178978213269327873,1178999877159833600,1,1,1,1,0,1,0,0,0,0
1178278661771993088,1178283280589889536,1,1,0,1,0,0,0,0,0,0
1178727292421492736,1178727819490316288,0,0,0,0,0,0,0,0,0,0
1179754827112419334,1179761271358545921,1,1,0,1,0,0,0,0,0,0
1177929094106877952,1177947084575711232,0,0,0,0,0,0,0,0,1,0
1178341291832365057,1178352658597531648,1,1,0,1,0,0,0,0,0,0
1176881059641925638,1176954434057900037,1,1,1,1,1,0,1,0,0,0
1177654466323128321,1177863138596868096,0,0,0,0,0,0,0,0,1,0
1177221799232319488,1177223384591228928,1,1,0,1,0,0,0,0,0,0
1177112437050531840,1177333706161295367,1,1,1,1,0,1,0,0,0,0
1177619759409614848,1177902097930604544,1,0,1,0,0,0,1,0,0,0
1178370113432670208,1178569739280486406,0,0,0,0,0,0,0,0,1,1
1177670408084054022,1177993639403954176,0,0,0,0,0,0,0,0,0,1
1177313081573216258,1177447186193240064,1,1,0,1,0,0,0,0,0,0
1179152618347749376,1179153015011528712,0,0,0,0,0,0,0,0,1,0
1176401916550664192,1176438363857072130,0,0,0,0,0,0,0,0,1,0
1177218800758009856,1177221636329803778,1,1,1,1,1,1,0,0,0,0
1177678211687354368,1177681983452958720,0,0,0,0,0,0,0,0,0,1
1177098520865542144,1177232861700775936,0,0,0,0,0,0,0,0,1,1
1178926619194474496,1178939737719164929,1,1,0,1,0,0,0,0,0,0
1179801550568525824,1179802162865606665,1,0,1,0,0,0,1,0,0,0
1176925326645104641,1176926053329264641,1,1,1,1,1,1,0,0,0,0
1178047006457110535,1178050593715314689,1,1,0,0,1,0,0,0,0,0
1178550038554918912,1178613951162175489,1,1,0,1,0,0,0,0,0,0
1178742828521930752,1178744028726284289,0,0,0,0,0,0,0,0,1,0
1177647824298749952,1177650822550884353,1,1,1,1,0,0,1,0,0,0
1178591831950548998,1179501928868454400,0,0,0,0,0,0,0,0,0,1
1178803573565595649,1178905064381046784,0,0,0,0,0,0,0,0,1,1
1178925592294625280,1178928372191305728,0,0,0,0,0,0,0,0,1,0
1179740914996142080,1179742769155313664,0,0,0,0,0,0,0,0,0,1
1178215583017570304,1178247026317897729,0,0,0,0,0,0,0,0,1,0
1177229497491501056,1177230622068264961,1,1,1,1,1,1,0,0,0,0
1179417134709055489,1179421661344538625,1,1,0,0,1,0,0,0,0,0
1178063614953054210,1178066229229174791,1,0,1,0,0,0,1,0,0,0
1179986627428528129,1179990318583820288,1,1,0,1,1,0,0,0,0,0
1179016467335057408,1179017935546994688,1,1,0,1,0,0,0,0,0,0
1176770666118430720,1176975959821561862,1,1,1,1,0,0,1,0,0,0
1180031310296997888,1180032606143946752,1,1,1,1,0,1,0,0,0,0
1178380703035281415,1178575873563353093,1,1,1,0,1,1,1,0,0,0
1177148830602715136,1177149399975301120,0,0,0,0,0,0,0,0,0,0
1179427195237875715,1179427879215665153,0,0,0,0,0,0,0,0,1,0
1178651884351033350,1178663875710984197,1,1,1,1,0,1,0,0,0,0
1179462934013063170,1179512825410142209,1,1,0,1,0,0,0,0,0,0
1179025967534219265,1179030593973170177,1,1,0,1,0,0,0,0,0,0
1176849549148790785,1177024243202220038,0,0,0,0,0,0,0,0,0,1
1178075233015750660,1178429747849842690,1,1,0,1,0,0,0,0,0,0
1179128950284541953,1179129234230521857,1,1,0,1,0,0,0,0,0,0
1178653602707054593,1178667492694249472,0,0,0,0,0,0,0,0,1,0
1177248450393649154,1177297664129548288,0,0,0,0,0,0,0,0,0,1
1177311691262111744,1177366152038801409,1,1,0,1,1,0,0,0,0,0
1179303624436002816,1179357691040407557,0,0,0,0,0,0,0,0,1,1
1178662562394714112,1178664463261687808,0,0,0,0,0,0,0,0,0,1
1177579867942113285,1177585752546451456,1,1,0,1,0,0,0,0,0,0
1177634419475193856,1177798071134105600,1,1,0,1,0,0,0,0,0,0
1177303939076820993,1177306968735846400,1,1,0,0,1,0,0,0,0,0
1179379452540850179,1179384292176285696,1,1,0,1,1,0,0,0,0,0
1177185469936934913,1177190885035036673,1,1,0,1,1,0,0,0,0,0
1178554749181943812,1178626257518546945,1,1,0,1,0,0,0,0,0,0
1176931027018801157,1176932202929635328,1,1,0,1,0,0,0,0,1,0
1177481316951969792,1177575647176200194,0,0,0,0,0,0,0,0,0,1
1176935977740374021,1176936963330465794,1,1,0,1,0,0,0,0,1,0
1178082731722526722,1178353350036873218,1,1,0,1,1,0,0,0,0,0
1178928510175457280,1178929794647543808,1,1,1,0,1,1,0,0,0,0
1176943312017772544,1177174249506779137,1,1,0,1,0,0,0,0,0,0
1177196787989393411,1177197478770282499,1,1,1,0,1,0,1,0,0,0
1177141561521528833,1177145077010960384,0,0,0,0,0,0,0,0,0,1
1178249788531322881,1178318550508982272,1,1,1,1,0,0,1,0,0,0
1179979515969376256,1179998712329916416,1,1,0,1,0,0,0,0,0,0
1179329954212978694,1179590875812372480,1,1,0,0,1,0,0,0,0,0
1178563643866337281,1178566608689729536,1,1,0,1,0,0,0,0,0,0
1178988905049268224,1179021938045411330,1,1,0,1,0,0,0,0,0,0
1178370311974244355,1178623148209704965,1,1,0,0,1,0,0,0,0,0
1177695247285067777,1178034521721245696,0,0,0,0,0,0,0,0,0,1
1176249284674695170,1176250313445191681,1,1,1,1,0,1,0,0,0,0
1178312124835254272,1178315663766634496,0,0,0,0,0,0,0,0,0,1
1179360322848722945,1179388243290263553,1,1,1,1,1,0,1,0,0,0
1179064044021583878,1179128320010719232,0,0,0,0,0,0,0,0,0,1
1178548501292163072,1178595169605750784,1,1,0,1,0,0,0,0,0,0
1177478759865147395,1177479387173670912,1,1,0,1,0,0,0,0,0,0
1177487599419588609,1177489511950868481,0,0,0,0,0,0,0,0,1,0
1177890213894459397,1177909387903586304,1,1,0,1,1,0,0,0,0,0
1177564818829729792,1178313706834419714,1,1,1,1,0,1,0,0,0,0
1179688432106381312,1179792509427425280,1,1,1,1,0,1,1,0,0,0
1178315663766634496,1178470318106693632,1,1,1,1,1,0,1,0,0,0
1178245440153833472,1178249097142263809,0,0,0,0,0,0,0,0,0,1
1177130790800543745,1177254465310744579,1,1,1,0,1,0,1,0,1,0
1177166922661736449,1177307356717289473,0,0,0,0,0,0,0,0,0,1
1177232116024844288,1177292692507844609,0,0,0,0,0,0,0,0,0,1
1177596923038978049,1177597527018868736,0,0,0,0,0,0,0,0,1,1
1177183020333379586,1178330830101504000,1,1,0,1,1,0,0,0,0,0
1179821228992974849,1179825533280014336,1,1,0,1,0,0,0,0,0,0
1178731134219407360,1178732364526170112,1,1,0,1,0,0,0,0,0,0
1177667447635238912,1177807245670801409,1,1,1,1,1,0,1,0,0,0
1177119426057068545,1177233236763844616,1,1,0,1,0,0,0,0,0,0
1177492121143525376,1177890399060467713,0,0,0,0,0,0,0,0,1,1
1178970620119441409,1178982874646757376,0,0,0,0,0,0,0,0,0,1
1179699729816522752,1179700778224816128,1,1,0,1,0,0,0,0,0,0
1179803165878870016,1179805949239992321,1,1,1,0,1,0,1,0,0,0
1176392211732340736,1176560569580756994,0,0,0,0,0,0,0,0,0,1
1179473671179702272,1179686647098683392,1,1,1,1,1,0,1,0,0,0
1176741238021808128,1176750562689388545,0,0,0,0,0,0,0,0,0,1
1177662902662258688,1177914038925348866,1,1,1,1,0,0,0,1,0,0
1180058613362171905,1180083472620240898,1,1,1,1,0,1,0,0,0,0
1178945422716493824,1178959443687399425,0,0,0,0,0,0,0,0,1,0
1177323067338612736,1177613567341801472,0,0,0,0,0,0,0,0,0,1
1177511858967703554,1177512372820250624,1,1,0,1,0,0,0,0,0,0
1177268454203809792,1177514956733829123,1,1,0,1,0,0,0,0,0,0
1176871907397967872,1176891299225636866,0,0,0,0,0,0,0,0,0,0
1177319684250701828,1177474128866988037,0,0,0,0,0,0,0,0,0,1
1179336600725151744,1179364916664381440,1,0,1,0,0,0,1,0,0,0
1180153662724816896,1180154525895872515,0,0,0,0,0,0,0,0,0,0
1179030622641278976,1179035044750352384,1,1,0,1,1,0,0,0,0,0
1178263785787871232,1178265868654010368,1,1,0,1,0,0,0,0,0,0
1178959102644494336,1179054711783264258,1,1,0,0,1,0,0,0,0,0
1177462874807111680,1177529633207705600,1,1,0,1,0,0,0,0,1,0
1177939315961323522,1177967226718183424,1,1,1,1,1,0,1,0,0,0
1178300795785220097,1178340334264356864,0,0,0,0,0,0,0,0,1,1
1178666186931949568,1178666385192284168,0,0,0,0,0,0,0,0,1,0
1179419983836844032,1179695602071941121,1,1,0,1,1,0,0,0,0,0
1177720035143491585,1177721658884399106,1,1,0,1,0,0,0,0,0,0
1179044498485239813,1179228283650609152,0,0,0,0,0,0,0,0,1,0
1180022245135179776,1180103422084825089,1,1,1,1,0,0,0,1,0,0
1178381956796633088,1178451326646308872,1,1,0,1,0,0,0,0,0,0
1177174620216135681,1177175073100390402,1,1,0,1,1,0,0,0,0,0
1178604398139838466,1178719830112980997,0,0,0,0,0,0,0,0,0,1
1178947612491300865,1179109790397718528,1,1,0,0,1,0,0,0,1,0
1178014692943503360,1178393784066945024,1,1,0,0,1,0,0,0,0,0
1178171073529036800,1178364334231228427,1,1,0,1,1,0,0,0,0,0
1177962860451905539,1177980048323821569,0,0,0,0,0,0,0,0,1,0
1178711679900770304,1178725073420800000,0,0,0,0,0,0,0,0,1,0
1177809655243956225,1177827405362270208,0,0,0,0,0,0,0,0,0,1
1180000109309956097,1180001890320470017,1,1,0,1,0,0,0,0,0,0
1178106069509382144,1178177072512016384,1,1,1,1,0,1,0,0,0,0
1176959322665947137,1177148985871687680,1,1,0,0,1,0,0,0,0,0
1178576980268212225,1178606811425001473,0,0,0,0,0,0,0,0,0,1
1178615111126257665,1178662403166425088,1,1,1,1,0,1,0,0,0,0
1178926225202524160,1179038572432617472,1,1,1,1,0,0,1,0,0,0
1179640035643133952,1179641123209383941,0,0,0,0,0,0,0,0,1,0
1177163426440855556,1177165149364506624,1,1,1,1,0,1,0,0,0,0
1178340732098224128,1178375671703392256,1,1,1,1,0,1,0,0,0,0
1178691343893368832,1178739119767396354,1,1,0,1,0,0,0,0,0,0
1177467451417620480,1177478105155305479,1,1,0,1,0,0,0,0,0,0
1177103856041451520,1177125724676927490,0,0,0,0,0,0,0,0,1,0
1177123144294961153,1177129103968940033,1,1,0,1,0,0,0,0,0,0
1176073065702350848,1177298161632763905,1,1,0,1,1,0,0,0,0,0
1178979932627714048,1179032620144852995,1,1,1,1,0,1,0,0,0,0
1176786367021572096,1176829761613697026,1,1,0,1,1,0,0,0,0,0
1178392840226914304,1178612577095622662,1,1,0,1,0,0,0,0,0,0
1177158396476317696,1177159997698007041,0,0,0,0,0,0,0,0,1,0
1177213777181315072,1177215820042313728,0,0,0,0,0,0,0,0,0,1
1179374756489023490,1179383727501299714,1,1,1,1,1,0,1,0,0,0
1179326964496240640,1179401335277572096,1,1,0,1,0,0,0,0,1,0
1178342289124597763,1178349576211832832,1,1,0,1,0,0,0,0,0,0
1176973818130313218,1176979572895731712,1,1,1,1,0,1,1,0,0,0
1179720155401723906,1179726099129012226,1,1,0,1,1,0,0,0,0,0
1177337700363460610,1177345197904187393,0,0,0,0,0,0,0,0,1,1
1179417301432639498,1179421957944729604,1,1,0,1,0,0,0,0,0,0
1177103593431797761,1177106768620658688,1,1,0,1,0,0,0,0,0,0
1178323314810540032,1178324305266057218,1,1,1,1,1,0,0,1,0,0
1177143219030843392,1177910421854011392,1,1,0,1,1,0,0,0,0,0
1177136682438668288,1177138097089339392,1,1,0,1,0,0,0,0,0,0
1178659066882736128,1178664255719198721,1,1,0,1,0,0,0,0,0,0
1180085500675276800,1180086604737781760,1,1,0,1,0,0,0,0,0,0
1177514883706806278,1177526478759694336,1,1,0,1,0,0,0,0,0,0
1179786366227505152,1180038641130840064,1,1,1,1,1,1,0,0,0,0
1180093487003385856,1180115037375086592,0,0,0,0,0,0,0,0,0,1
1178935772629606401,1178944198931824640,1,1,1,1,0,1,0,0,0,0
1180111154045173760,1180111544677552129,1,1,0,1,0,0,0,0,0,0
1178679644020776963,1178698271881072640,1,1,0,0,1,0,0,0,1,0
1113358751963197440,1178399138582601730,0,0,0,0,0,0,0,0,0,0
1177175369620905985,1177183509208883200,1,1,1,1,0,1,0,0,0,0
1178278511972360192,1178323310867820544,0,0,0,0,0,0,0,0,0,1
1176835276280401922,1176878469894070277,0,0,0,0,0,0,0,0,0,1
1180021476747104256,1180030299213828097,1,1,1,1,0,0,1,0,0,0
1176770666118430720,1176962699277635585,1,1,0,1,0,0,0,0,0,0
1179795791021514753,1179797705721307140,1,1,0,1,0,0,0,0,0,0
1177814949621571584,1177855452241113088,0,0,0,0,0,0,0,0,0,1
1178959898077536256,1178979244417978368,1,1,0,1,0,0,0,0,0,0
1177331235418443790,1177507907350355969,1,1,1,1,0,1,0,0,0,0
1177889888500363264,1178214157742727168,1,1,1,1,0,1,0,0,0,0
1177591426575720448,1177604896201293824,0,0,0,0,0,0,0,0,1,1
1178589058060169219,1178599032387702784,1,1,1,1,1,0,1,0,0,0
1179394414118084608,1179644711209963520,1,1,1,1,0,0,1,0,0,0
1178690292171624448,1178697254082879489,1,1,0,1,1,0,0,0,0,0
1178687477646872576,1178688298333671425,1,1,0,1,0,0,0,0,1,0
1177826269360201728,1177855004767641600,1,1,0,1,0,0,0,0,0,0
1180116736361861120,1180117167683047424,1,1,0,1,0,0,0,0,0,0
1177887210097582080,1177891069947764736,0,0,0,0,0,0,0,0,0,1
1177323067338612736,1177624746978099200,1,1,0,0,1,0,0,0,0,0
1177999491145883648,1178098196515418113,1,1,0,1,1,0,0,0,0,0
1178721039204995072,1178917750321926144,1,1,1,0,1,0,1,0,0,0
1178565397630607361,1178570082282328064,0,0,0,0,0,0,0,0,1,1
1179697829356408832,1179708906081308677,1,1,0,1,0,0,0,0,0,0
1179379340657807360,1179381132288233482,0,0,0,0,0,0,0,0,0,0
1179086825807212545,1179094566529568769,0,0,0,0,0,0,0,0,0,1
1179804722338947072,1179806176386650112,0,0,0,0,0,0,0,0,1,1
1178363791857336320,1178363793463808000,1,0,1,0,0,0,1,0,0,0
1177538130066509824,1177735967857397765,1,1,0,1,1,0,0,0,0,0
1177187358380347393,1177192950029324288,1,1,0,1,1,0,0,0,0,0
1179217204920885248,1179217556726530050,1,1,1,1,0,1,0,0,0,0
1177529864628428800,1178647106732613632,0,0,0,0,0,0,0,0,0,1
1178389477196226561,1178569233824980992,1,1,0,1,0,0,0,0,0,0
1179034811861569536,1179130240087597056,0,0,0,0,0,0,0,0,1,1
1177305390150750210,1177494158660923392,1,1,0,1,1,0,0,0,0,0
1179022337737465863,1179048818203119616,1,1,1,1,1,1,0,0,0,0
1180012821909790720,1180020846926143489,0,0,0,0,0,0,0,0,0,0
1176911195632279555,1177541343532503040,0,0,0,0,0,0,0,0,0,0
1178289525489049601,1178290653249314820,1,1,0,1,0,0,0,0,0,0
1179066587753701376,1179467729524477953,1,1,0,1,0,0,0,0,0,0
1177225480052908033,1177240455815270401,0,0,0,0,0,0,0,0,0,1
1177981728566194176,1178020629917908992,1,1,0,1,0,0,0,0,0,0
1178082731722526722,1178590550930415616,1,1,0,1,1,0,0,0,0,0
1177318998062632960,1177427881317810177,0,0,0,0,0,0,0,0,1,0
1178075233015750660,1178432968131579904,1,1,0,1,0,0,0,0,0,0
1176406000519307264,1177549250282102789,0,0,0,0,0,0,0,0,0,1
1177926231448313856,1177933081459736577,1,1,0,0,1,0,0,0,0,0
1178593496451764226,1178617765449666560,0,0,0,0,0,0,0,0,0,0
1176447715850489857,1176448611145723908,0,0,0,0,0,0,0,0,0,1
1177490413264896000,1177492420449062913,0,0,0,0,0,0,0,0,1,0
1177268985135554560,1177286626147491840,0,0,0,0,0,0,0,0,0,1
1177934648711811080,1178257149857796096,1,1,0,1,0,0,0,0,0,0
1177222573341458432,1177259122712035332,0,0,0,0,0,0,0,0,0,1
1178719280919191555,1178964677608529920,0,0,0,0,0,0,0,0,0,0
1177158538042519552,1177187708504068097,0,0,0,0,0,0,0,0,0,1
1179352919562424322,1179354643756994560,1,1,1,1,1,0,1,0,0,0
1177542506948517890,1177548724446384128,1,1,0,1,0,0,0,0,1,0
1176616084159500289,1176896165218066438,1,1,1,1,0,0,1,0,0,0
1180146455773945861,1180147840779198465,1,1,1,1,1,0,1,0,0,0
1178960933009408000,1178975537299169280,1,1,0,1,0,0,0,0,0,0
1177145417047445504,1178000730084593665,0,0,0,0,0,0,0,0,0,0
1178913790324289536,1179281871626276865,0,0,0,0,0,0,0,0,1,1
1178423465390546946,1178582547632201728,1,1,0,1,0,0,0,0,0,0
1179673634404741120,1179691340499693568,1,1,1,1,0,1,0,0,0,0
1178219606235856902,1178265142410252289,1,1,0,1,0,0,0,0,0,0
1177513909667819520,1177528484102647809,1,1,0,1,0,0,0,0,0,0
1177456191154221058,1177613846447562752,1,1,0,1,0,0,0,0,1,0
1176927335574102016,1176931867515326467,1,1,0,1,0,0,0,0,0,0
1176037723930583040,1176074832552898561,1,1,0,1,0,0,0,0,0,0
1177831621283762176,1177899315165044736,1,1,0,1,0,0,0,0,0,0
1179983945729024000,1179995826464198656,1,1,0,1,0,0,0,0,0,0
1177827500770152450,1177896492176150533,0,0,0,0,0,0,0,0,0,1
1179049790929326080,1179103618374524928,0,0,0,0,0,0,0,0,1,0
1177889467958546432,1177897639947489280,1,1,1,1,0,1,0,0,0,0
1179305578839060480,1179306167249653760,1,1,0,1,1,0,0,0,0,0
1177122839939432448,1177124710427045888,1,1,0,1,0,0,0,0,0,0
1177507892984811526,1177509683348721667,1,1,1,1,1,0,1,0,0,0
1179372190405410818,1179375488478973952,0,0,0,0,0,0,0,0,0,1
1178263803055808512,1178264177451966465,1,0,1,0,0,0,1,0,0,0
1177210374283759617,1177230142311161856,1,1,0,1,1,0,0,0,1,0
1178570181955801089,1178655946312171520,1,1,1,1,0,1,0,0,0,0
1177164660384157696,1177168318488354817,1,1,1,1,1,1,0,0,0,0
1179034811861569536,1179120861472854016,1,1,0,1,0,0,0,0,0,0
1178301046294274048,1178401046584086529,0,0,0,0,0,0,0,0,0,1
1177826269360201728,1177866945800163328,1,1,0,1,0,0,0,0,1,0
1179168882034126849,1179169979004002304,1,1,0,1,0,0,0,0,0,0
1178641084446072832,1178938833217445889,0,0,0,0,0,0,0,0,0,1
1179359967989682176,1179374347301085185,1,1,0,1,0,0,0,0,0,0
1177598811667075074,1177602911859331072,1,1,0,1,0,0,0,0,0,0
1178215123376316417,1178218348754149377,0,0,0,0,0,0,0,0,0,0
1179253288052645888,1179268733409337344,1,0,1,0,0,0,1,0,1,0
1179644940567158784,1179661479697682432,1,1,1,1,0,1,0,0,0,0
1177677055535788033,1177679170102534155,1,1,0,1,0,0,0,0,0,0
1178181756454920192,1178223337509658625,1,1,0,1,0,0,0,0,0,0
1177628014655557632,1177704505984606208,1,1,1,1,1,1,0,1,0,0
1179673674540036096,1179854200852926464,1,1,0,1,0,0,0,0,0,0
1177504887501815809,1178218988167409664,1,1,0,1,0,0,0,0,0,0
1180128481398677505,1180149173376733185,1,1,0,1,0,0,0,0,0,0
1179697099665006592,1180029968912453633,1,1,0,1,0,0,0,0,0,0
1179853992307937281,1179909714261491714,0,0,0,0,0,0,0,0,0,0
1179730856870629376,1179735597583339520,0,0,0,0,0,0,0,0,0,1
1177190832300052482,1177195856665153536,0,0,0,0,0,0,0,0,0,0
1179735597583339520,1179757085376036864,0,0,0,0,0,0,0,0,0,0
1176901701376368640,1176996192124846081,0,0,0,0,0,0,0,0,0,1
1177864215706689537,1177878172244856832,1,1,0,1,0,0,0,0,0,0
1178627484209881088,1178636900753661953,0,0,0,0,0,0,0,0,1,0
1178841874154409985,1178940535421181957,1,1,1,1,1,0,1,0,0,0
1178055240307879938,1178346566949756928,0,0,0,0,0,0,0,0,1,0
1178942736252260352,1178978400544968704,1,1,1,1,0,1,0,0,0,0
1179388699852849155,1179677562739535873,1,1,0,1,0,0,0,0,1,0
1179048818203119616,1179175103826989056,1,1,0,1,1,0,0,0,0,0
1179449608738660363,1179458285830844418,0,0,0,0,0,0,0,0,0,0
1176824736812339203,1176938347614351363,1,1,0,1,1,0,0,0,0,0
1178632998943690752,1178774791144247296,1,1,0,1,0,0,0,0,0,0
1179883874396061696,1179892727321939968,1,1,0,1,0,0,0,0,0,0
1179068454650990592,1179070820318171137,1,1,0,1,0,0,0,0,0,0
1178361530385096705,1178372585769361411,1,1,0,1,0,0,0,0,0,0
1178275732377735168,1178421643582029831,1,1,0,1,0,0,0,0,0,0
1177963052907601920,1177963128845414400,1,1,0,0,1,0,0,0,0,0
1177862047985475584,1177961697065230336,1,1,0,1,0,0,0,0,0,0
1177517682775576579,1177519291668692994,0,0,0,0,0,0,0,0,0,0
1177932531758448641,1177960312131198976,0,0,0,0,0,0,0,0,0,1
1177164241847115776,1177166625604349952,1,1,1,1,0,1,0,0,0,0
1150348792073527296,1177921734646931456,0,0,0,0,0,0,0,0,0,0
1177541710601175041,1177666927080153089,1,1,1,1,1,1,0,0,0,0
1176226238077251584,1177167854900318208,0,0,0,0,0,0,0,0,0,1
1176612679357751297,1176630041016446977,1,1,0,1,0,0,0,0,0,0
1179445783759859712,1179454489646043141,0,0,0,0,0,0,0,0,0,0
1177265654765932544,1177399426131922946,0,0,0,0,0,0,0,0,0,1
1179774141886615552,1179830169768517635,1,1,0,1,0,0,0,0,0,0
1177134272576184320,1177141910760300545,1,1,1,1,0,1,0,0,0,0
1180013453769138177,1180087960936570880,0,0,0,0,0,0,0,0,0,0
1177950111969812480,1177950346255187968,1,1,0,1,0,0,0,0,0,0
1178730679040909313,1178733207946223618,1,1,1,1,0,0,1,1,0,0
1177591585409835008,1177596817393033216,1,1,1,1,0,0,1,0,0,0
1177111272749490180,1177128250549710849,1,1,1,1,0,1,0,0,0,0
1179806585792733185,1180110483459907584,1,1,1,1,1,1,1,0,0,0
1168871782666952704,1177223090109128704,0,0,0,0,0,0,0,0,0,0
1177645867123331072,1177655193263071233,1,1,1,1,0,1,0,0,0,0
1179318853249183744,1179428814117576704,0,0,0,0,0,0,0,0,0,0
1176550570905260032,1177292827786715137,1,1,1,1,0,1,0,0,1,0
1178401029743927296,1179018510460170242,1,1,0,1,0,0,0,0,0,0
1178873461881618433,1179127024876769280,1,0,1,0,0,0,1,0,0,0
1178581794872004608,1178582895931351040,1,1,1,1,1,1,0,0,0,0
1178826514198093824,1178981868580024321,1,1,0,1,0,0,0,0,0,0
1179018746221993984,1179030571298762752,1,1,0,1,0,0,0,0,0,0
1178075233015750660,1178692507649097728,1,1,0,1,0,0,0,0,0,0
1177650607945113603,1177991965331398657,1,1,0,1,1,0,0,0,0,0
1176770547352580101,1176772955600236544,1,1,1,1,1,1,1,0,0,0
1180007945058361344,1180066600050929665,1,1,0,1,0,0,0,0,1,0
1178187575116337153,1178201420924936194,1,1,0,1,0,0,0,0,0,0
1178026968161357825,1178048153301463041,1,1,0,1,0,0,0,0,0,0
1176960741544472578,1176971509732167681,0,0,0,0,0,0,0,0,1,0
1177208675083202561,1177208921871847424,1,1,0,1,1,0,0,0,0,0
1176770666118430720,1177110203650707457,1,1,1,1,0,1,0,0,0,0
1176242376668581888,1176494779053563904,1,1,0,1,0,0,0,0,0,0
1178698640430440456,1178700322602131458,1,1,0,1,0,0,0,0,0,0
1178990332907851777,1179587418661560322,1,1,0,1,0,0,0,0,0,0
1177145417047445504,1177184119555534850,1,1,0,1,0,0,0,0,0,0
1152140734482591744,1177679061444911107,1,1,0,1,0,0,0,0,0,0
1177630760213385216,1177664496631980033,0,0,0,0,0,0,0,0,0,0
1176880895439134720,1176924373908955136,1,0,1,0,0,0,1,0,0,0
1177580157999222785,1179132415895318530,1,1,1,1,0,0,1,0,0,0
1179416897470812166,1179445790877667328,1,1,1,0,1,1,0,0,0,0
1179419204535144448,1179423081519046657,0,0,0,0,0,0,0,0,1,0
1178201137947779072,1178207095327531008,1,1,0,0,1,0,0,0,0,0
1177323280593764353,1177452921861984257,1,0,1,0,0,0,1,0,0,0
1177495790308085760,1177517537287819265,1,1,1,1,0,1,0,0,0,0
1178694406133682182,1178722411170152448,1,1,1,1,0,1,0,0,0,0
1178729876876120065,1178902906378035201,0,0,0,0,0,0,0,0,0,0
1177190923589029889,1177327293758398470,0,0,0,0,0,0,0,0,0,1
1179358726358290434,1179362693595185153,0,0,0,0,0,0,0,0,0,1
1178334067768602624,1178347711747285002,1,1,1,1,1,1,0,0,0,0
1178689745834127360,1178690106829336578,1,1,1,1,1,0,1,0,0,0
1179069685570134016,1179084597310742529,1,1,0,1,1,0,0,0,0,0
1176164280875528193,1176169877532479488,0,0,0,0,0,0,0,0,0,0
1178820974868926465,1178895525262835713,1,1,0,1,0,0,0,0,0,0
1179111443997822976,1179116938045337605,1,1,0,0,1,0,0,0,0,0
1179337070218747905,1179357202286546952,1,1,0,1,0,0,0,0,0,0
1172367652821426177,1178646295176712198,1,1,0,0,1,0,0,0,0,0
1177628775393181697,1177639532394614784,1,1,0,1,0,0,0,0,0,0
1177908562879811584,1177910124800811008,1,1,1,1,0,1,0,0,0,0
1178634818835402752,1178662395113279488,1,1,0,1,0,0,0,0,0,0
1177554173690355712,1177628014655557632,1,1,1,1,0,1,0,0,0,0
1177853342904659969,1177947662378774528,1,1,0,1,0,0,0,0,0,0
1178208789994070018,1178271433618870272,1,1,0,1,0,0,0,0,0,0
1177193869232037888,1177195833252614145,1,1,0,1,0,0,0,0,0,0
1177930088802902016,1177936209559064576,1,1,0,1,0,0,0,0,0,0
1177497578344046595,1177645613204283393,0,0,0,0,0,0,0,0,0,0
1177543945028587525,1177544755317760000,1,1,0,1,0,0,0,0,0,0
1178233529051815937,1178265941576208389,1,0,1,0,0,0,1,0,0,0
1177087238271918080,1177122835057258497,0,0,0,0,0,0,0,0,0,1
1177225480052908033,1177252151279661059,1,1,1,1,0,0,1,0,1,0
1177507698792775682,1177854427279118336,0,0,0,0,0,0,0,0,0,1
1175555026011533312,1179639012551733254,1,0,1,0,0,0,1,0,0,0
1178565573174796288,1178606581589647360,1,1,0,1,0,0,0,0,0,0
1177166042826772480,1177225288578732039,0,0,0,0,0,0,0,0,0,0
1177122627510558720,1177125232559230977,0,0,0,0,0,0,0,0,0,0
1179022337737465863,1179042105467031556,1,1,1,0,1,1,0,0,0,0
1177119142186508288,1177124955970035712,1,1,1,1,0,1,0,0,0,0
1177096018585882625,1177096271716376576,0,0,0,0,0,0,0,0,0,0
1178082731722526722,1178104636567371776,1,1,0,1,0,0,0,0,0,0
1178757167664513024,1178758470335680517,1,1,0,1,1,0,0,0,0,0
1178560026367188993,1178589669937831936,1,1,0,1,0,0,0,0,1,0
1178423465390546946,1178584442962665472,0,0,0,0,0,0,0,0,1,0
1178719377476247553,1179001046649184256,1,1,0,1,0,0,0,0,0,0
1179017800905641984,1179108509637599233,0,0,0,0,0,0,0,0,1,0
1177352983295746049,1177412877331959808,1,0,1,0,0,0,1,0,0,0
1179122515429466115,1179165465240846342,1,1,1,1,0,1,0,0,0,0
1176808911782993920,1178403471562870784,1,1,0,1,0,0,0,0,0,0
1178035793123794945,1178036404485578753,0,0,0,0,0,0,0,0,1,0
1177129271061561344,1177135980320624640,1,1,0,1,0,0,0,0,0,0
1177606324013678595,1177607553158733825,0,0,0,0,0,0,0,0,0,0
1178219467861565440,1178226654629580800,0,0,0,0,0,0,0,0,0,0
1178312204816437248,1178320110827778048,1,1,0,0,1,0,0,0,0,0
1179320139331903488,1179333140055252993,0,0,0,0,0,0,0,0,0,0
1176938124301230080,1177083503902625797,0,0,0,0,0,0,0,0,0,0
1180066435072233472,1180115747634339841,1,1,0,1,0,0,0,0,0,0
1177547256997847046,1177550340771786753,1,1,0,1,0,0,0,0,0,0
1176859256026480645,1177021537955827713,1,1,0,1,1,0,0,0,0,0
1179660960195317760,1179846309517385728,1,0,1,0,0,0,1,0,0,0
1177888245859934209,1178242092528816128,1,1,0,1,0,0,0,0,0,0
1179086889560809472,1179091361926172673,0,0,0,0,0,0,0,0,1,0
1179215430264733698,1179599748048855040,0,0,0,0,0,0,0,0,0,1
1176800372964376576,1176801958004449280,1,1,1,1,1,0,1,0,0,0
1176446031002836992,1176466101250732032,1,1,0,1,1,0,0,0,0,0
1176923418186387458,1176923846408101892,1,0,1,0,0,0,1,0,0,0
1177207939444236291,1177228434097016832,1,1,0,1,0,0,0,0,0,0
1177601843914006542,1177639354598076420,0,0,0,0,0,0,0,0,0,1
1178095874687356929,1178195060627771392,1,1,0,1,0,0,0,0,0,0
1178306796647256064,1178734193100099584,1,1,1,1,0,0,1,0,0,0
1176888086749417472,1177065222990958592,1,1,0,1,0,0,0,0,0,0
1177461856887177217,1177472314344005632,1,1,0,1,0,0,0,0,0,0
1177440552909852674,1177445065641185280,1,1,0,1,0,0,0,0,0,0
1178183328119308288,1178183763504910337,1,1,0,1,0,0,0,0,0,0
1178561303557951490,1178573988903174144,0,0,0,0,0,0,0,0,1,0
1178568791753658368,1178584988910080000,1,1,0,1,1,0,0,0,0,0
1179492468196335616,1179493184386281472,1,1,0,1,0,0,0,0,0,0
1177122482563821568,1177132519550070784,0,0,0,0,0,0,0,0,0,1
1177831621283762176,1177838842453385216,1,1,0,1,0,0,0,0,0,0
1177074450040336384,1177075125432332288,0,0,0,0,0,0,0,0,0,0
1177238802215112705,1177243459369021445,1,1,0,1,0,0,0,0,0,0
1178065111384313857,1178558099977883648,1,1,0,1,0,0,0,0,0,0
1177930944772214785,1177955281713717248,1,1,0,1,0,0,0,0,0,0
1177452266908831745,1177494809839165441,1,0,1,0,0,0,1,0,0,0
1179087448732815367,1179090346367766529,1,1,0,1,0,0,0,0,0,0
1179396920588017667,1179406604275503104,1,1,0,1,0,0,0,0,0,0
1178342521472192514,1178533452695638021,0,0,0,0,0,0,0,0,1,0
1177980446073860098,1177999274954706944,1,1,0,1,0,0,0,0,0,0
1179898144047452162,1180017032999428096,1,1,0,1,0,0,0,0,0,0
1178654438837379073,1178713737655660548,1,1,0,1,0,0,0,0,0,0
1176955763325116417,1176979145491984386,1,1,0,1,0,0,0,0,0,0
1177487764670963713,1179405357464113152,1,1,0,1,0,0,0,0,0,0
1178921243711549441,1179033540924600320,0,0,0,0,0,0,0,0,1,0
1177542179167834112,1177575097093238787,1,1,0,0,1,0,0,0,0,0
1176910189326479365,1177307745906823169,1,0,1,0,0,0,1,0,0,0
1176861561899618305,1176906697572585473,1,1,0,1,0,0,0,0,0,0
1177459295899680768,1177681895682969600,1,1,1,1,0,1,0,0,0,0
1177169723953430528,1177174049287475201,1,1,0,1,0,0,0,0,0,0
1179686291816026112,1179689103157338112,0,0,0,0,0,0,0,0,1,0
1179382794167967746,1179668825668771841,1,1,0,1,0,0,0,0,0,0
1179254691038937088,1179255231147921409,1,1,0,1,0,0,0,0,0,0
1177159554645274624,1177161128989941760,1,0,1,0,0,0,1,0,0,0
1177557145967091712,1177605571345866752,0,0,0,0,0,0,0,0,0,0
1178746334733582340,1178973204590796800,0,0,0,0,0,0,0,0,1,0
1179388739338080263,1179392387283587077,1,1,0,1,0,0,0,0,0,0
1178927076956606464,1179098648040353792,1,1,0,1,0,0,0,0,0,0
1179614638914310145,1179615229170335744,1,1,0,1,0,0,0,0,0,0
1179065082254385154,1179066233334960129,0,0,0,0,0,0,0,0,1,0
1178434046587801603,1179411338965258240,1,1,0,1,0,0,0,0,0,0
1175384064624406529,1178955011717582849,1,1,0,1,0,0,0,0,0,0
1179170416583172098,1179260338962927617,1,1,0,1,0,0,0,0,0,0
1177303939076820993,1177306697817346048,1,1,0,1,0,0,0,0,0,0
1179356670121693184,1179521602284871680,1,1,0,1,0,0,0,0,0,0
1178561303557951490,1178567641235165186,0,0,0,0,0,0,0,0,1,0
1178756499809677314,1179035817135599616,1,1,0,1,0,0,0,0,0,0
1178074028998905857,1178171124028497920,1,1,0,1,0,0,0,0,0,0
1178604864278061056,1179140769988448257,1,1,1,1,0,0,1,0,0,0
1179427825964716036,1179742165448220672,0,0,0,0,0,0,0,0,0,0
1179763836137676800,1179775627274194944,1,1,0,1,1,0,0,0,0,0
1177844106162249728,1177846545502408706,1,0,1,0,0,0,1,0,0,0
1178950080159784962,1179048187069370368,1,1,0,0,1,0,0,0,0,0
1177071083666780161,1177072612494721024,1,1,0,1,0,0,0,0,0,0
1176105632950358016,1176171261396955143,1,1,0,0,1,0,0,0,0,0
1179354643756994560,1180041091107692544,1,1,0,0,1,0,0,0,0,0
1178631678987788289,1178632997924491264,1,1,0,1,0,0,0,0,0,0
1176518935711244288,1178637420885090310,0,0,0,0,0,0,0,0,0,0
1177492121143525376,1177597674167701507,1,1,0,1,0,0,0,0,0,0
1177868826886705153,1177874264600584192,0,0,0,0,0,0,0,0,0,1
1177523521116876800,1177571658829373443,0,0,0,0,0,0,0,0,0,0
1178978196634705921,1178979093519507456,1,1,0,0,1,0,0,0,0,0
1178908848159154178,1179875668093526016,1,0,1,0,0,0,1,0,0,0
1178352635264536576,1178353516856913920,1,1,0,1,1,0,0,0,0,0
1177503511333879814,1177506306086686720,1,1,0,1,0,0,0,0,0,0
1178604398139838466,1179369775459438592,1,1,0,1,0,0,0,0,0,0
1179034365017247744,1179092759023702016,0,0,0,0,0,0,0,0,1,0
1179093477931524096,1179148029619838976,1,1,1,1,0,1,0,0,0,0
1177714981292384259,1177715628989390848,1,1,1,0,1,0,1,0,0,0
1177145172544630784,1177164629245661185,1,1,1,0,1,1,1,0,0,0
1179112811806543877,1179124609490268161,1,1,0,1,0,0,0,0,0,0
1177896793935417344,1177897027390332928,0,0,0,0,0,0,0,0,0,0
1177859447697350656,1177865390409605120,1,1,0,1,0,0,0,0,0,0
1177286292347990016,1177301063709462528,1,1,1,0,1,0,1,0,0,0
1175684240354238464,1177483779662680064,1,1,1,1,0,0,1,0,0,0
1178913341219262464,1178915174767611905,1,1,0,1,0,0,0,0,1,0
1178025208407609345,1178288034074234882,1,1,0,1,0,0,0,0,0,0
1176242376668581888,1176934984537518082,1,1,0,1,0,0,0,0,0,0
1176863568479817728,1176865163531685890,0,0,0,0,0,0,0,0,0,0
1177862651336171521,1178077458601566208,0,0,0,0,0,0,0,0,0,0
1180109157086703617,1180109472238329856,1,1,1,1,0,1,0,0,0,0
1178373588056981506,1178676072352759815,0,0,0,0,0,0,0,0,0,0
1176802059573760001,1177103507968724992,1,1,0,1,0,0,0,0,0,0
1176942920169140225,1176959010869784576,1,1,1,1,0,0,1,0,0,0
1178423465390546946,1180077429249003520,1,1,0,1,0,0,0,0,0,0
1177479269124984832,1178559998210838531,0,0,0,0,0,0,0,0,0,1
1179999566571008000,1180064475279429632,1,0,1,0,0,0,1,0,0,0
1180032606143946752,1180036928076439554,0,0,0,0,0,0,0,0,1,0
1179846610089631745,1179850700945268737,0,0,0,0,0,0,0,0,0,0
1177537586379857920,1177566737828655105,1,1,1,1,0,1,0,0,0,0
1178708353545101312,1178717951589007361,1,1,1,1,0,1,0,0,0,0
1178332151827369990,1178337836438888448,1,1,0,0,1,0,0,0,0,0
1177918649182670850,1177943852998709249,0,0,0,0,0,0,0,0,0,1
1178688196344979458,1178695648847306753,1,1,1,1,0,0,1,0,0,0
1163484781742571520,1178786195813408768,1,1,0,1,0,0,0,0,0,0
1178031450001682433,1178276730341068803,1,1,1,1,0,0,1,0,0,0
1176527805967978496,1176537018425401344,1,1,0,1,0,0,0,0,0,0
1180093225090125825,1180114586294525952,1,1,0,1,0,0,0,0,0,0
1177601843914006542,1177602241764757505,0,0,0,0,0,0,0,0,0,0
1177440476464418816,1177577817531453440,1,1,0,1,0,0,0,0,0,0
1177864215706689537,1177866858357239808,1,1,0,0,1,0,0,0,0,0
1178950588710694913,1179106413521584132,1,1,0,1,1,0,0,0,0,0
1177189753776693249,1177192741597564929,1,1,0,0,1,0,0,0,0,0
1180066235662442496,1180087133761089537,0,0,0,0,0,0,0,0,0,0
1177612207120666625,1177621623257608193,1,1,1,1,0,1,0,0,0,0
1177865094165942272,1177872877695094785,0,0,0,0,0,0,0,0,0,0
1178781175822848000,1178808386810302464,0,0,0,0,0,0,0,0,0,1
1177096435898159104,1177101781198954497,1,1,1,1,0,0,1,0,0,0
1178966428671778816,1179105143872278528,1,1,0,1,1,0,0,0,0,0
1177497578344046595,1177512368705691648,1,1,1,1,0,0,1,0,0,0
1177579570834358272,1177668682333523968,1,1,1,1,0,1,0,0,0,0
1177974654910259200,1177975283535765507,1,1,0,1,0,0,0,0,0,0
1179864956189253632,1179873608094617602,1,1,1,1,0,1,0,0,0,0
1179345624053043200,1179352734526578688,0,0,0,0,0,0,0,0,0,0
1178378196435247105,1178558748815761408,1,1,1,1,0,0,1,0,0,0
1177452808485752832,1177482220589633538,0,0,0,0,0,0,0,0,1,0
1179335909709402112,1179337070218747905,1,1,0,0,1,0,0,0,0,0
1178666543934255104,1178667712769335299,1,0,1,0,0,0,1,0,0,0
1177916924501614593,1179074870677774337,0,0,0,0,0,0,0,0,1,0
1177948935215865856,1177949986425843712,1,1,0,1,1,0,0,0,0,0
1177867477499437056,1177869366869872642,1,1,0,1,0,0,0,0,0,0
1179034811861569536,1179263910937075714,1,1,1,1,0,1,0,0,0,0
1176861561899618305,1176939621156118529,1,1,0,1,0,0,0,0,0,0
1178082731722526722,1178201931887599616,1,1,0,1,0,0,0,0,0,0
1177887172466298880,1177889342955692033,1,1,0,1,1,0,0,0,0,0
1177582079862857729,1177638423361921024,1,1,0,1,0,0,0,0,0,0
1178229863951605760,1178243525172965376,0,0,0,0,0,0,0,0,0,1
1178613085428301824,1178619893081673728,1,0,1,0,0,0,1,0,0,0
1176852603923238913,1177108079139262464,1,1,0,1,0,0,0,0,0,0
1179868246411022336,1179872093539835905,1,1,0,1,0,0,0,0,0,0
1177860223651995653,1177873373243813888,0,0,0,0,0,0,0,0,0,0
1177105489341104128,1177188189238374400,1,1,0,1,1,0,0,0,0,0
1178329933489278977,1178912620566450177,1,1,1,1,0,1,0,0,0,0
1177086073782046720,1177161674203324416,1,1,0,1,0,0,0,0,0,0
1179777184552161281,1179797975616368640,0,0,0,0,0,0,0,0,0,0
1179443983069650944,1179444305557180417,1,1,1,1,0,1,1,0,0,0
1177897665494958080,1178220650508558336,1,1,0,1,0,0,0,0,0,0
1179360394969849861,1179360694967373824,1,1,0,1,0,0,0,0,0,0
1177214256393150465,1177248779789053957,1,1,1,1,0,1,0,0,0,0
1177164461649661953,1177164846560923648,1,1,0,1,0,0,0,0,0,0
1177551288306950145,1177551290529996800,0,0,0,0,0,0,0,0,0,1
1178082731722526722,1178213763910193153,1,1,1,1,0,0,1,0,0,0
1177988846509871104,1178038286058737664,1,1,0,1,0,0,0,0,1,0
1178241292196810752,1178350071647293445,1,1,0,1,0,0,0,0,0,0
1179181407735816203,1179396465732587520,1,1,0,1,0,0,0,0,0,0
1177297386122743808,1177307404054224896,0,0,0,0,0,0,0,0,1,1
1180065959501090816,1180148764624994305,1,1,0,0,1,0,0,0,0,0
1178594493681020928,1178997027813773318,0,0,0,0,0,0,0,0,0,1
1178358940272193537,1178360123967889408,1,1,0,1,0,0,0,0,0,0
1179675225329471488,1179854166673547266,1,1,0,1,1,0,0,0,0,0
1179347489029283840,1179381136163835905,0,0,0,0,0,0,0,0,0,1
1178076725412020225,1178169917998321665,1,1,0,1,1,0,0,0,0,0
1178362244561850368,1178388788025991169,0,0,0,0,0,0,0,0,1,0
1176770666118430720,1176809515506982912,1,1,0,1,0,0,0,0,0,0
1178268340818780160,1178596458519580674,1,1,1,1,0,0,1,0,0,0
1177606785672384512,1178452545854935040,0,0,0,0,0,0,0,0,0,1
1178105561356935171,1178260061828898816,0,0,0,0,0,0,0,0,0,0
1179135801713709057,1179139877482446848,0,0,0,0,0,0,0,0,0,0
1178963281949712384,1178964319943434245,1,1,0,1,0,0,0,0,0,0
1177552712701030401,1177553456665649153,0,0,0,0,0,0,0,0,1,0
1178990332907851777,1179012685834461186,1,1,1,1,0,1,0,0,0,0
1177281748843077638,1177284126203944961,1,1,1,1,0,0,1,0,0,0
1179702671613349896,1179818115804385280,1,1,1,1,0,1,0,0,0,0
1178022438396923904,1178319068450971649,1,1,0,1,0,0,0,0,0,0
1177507574989475840,1177513349732429825,1,1,1,1,0,1,0,0,0,0
1177855875924594688,1177871042699808769,1,1,0,1,0,0,0,0,0,0
1178579985772109825,1178819320614440960,1,1,1,1,0,1,0,0,0,0
1179354124653121537,1179354796916125696,1,1,0,1,0,0,0,0,0,0
1176940971554168832,1176957599855652864,1,0,1,0,0,0,1,0,0,0
1178366112133718017,1178622128813416449,1,1,0,1,0,0,0,0,0,0
1179700402670977025,1179702061086187520,0,0,0,0,0,0,0,0,1,0
1178400410022883332,1178818060377038848,1,1,0,1,0,0,0,0,0,0
1179744928307523584,1179829731065241600,1,1,0,1,0,0,0,0,0,0
1178075233015750660,1178267713770344449,1,1,1,1,0,1,0,0,0,0
1178228612908097536,1178241628735250432,1,1,0,0,1,0,0,0,0,0
1179382794167967746,1179667371818135552,1,0,1,0,0,0,1,0,0,0
1179839376446164992,1180030654249099264,1,1,0,1,0,0,0,0,0,0
1178756949166440449,1178780478524055554,1,1,0,1,0,0,0,0,0,0
1177233801728028673,1177236666379132929,1,0,1,0,0,0,1,0,0,0
1179016844751130624,1179168149268258821,1,1,0,1,0,0,0,0,1,0
1178423465390546946,1178615018113425408,0,0,0,0,0,0,0,0,1,0
1179141950559129601,1179142286892027904,1,1,0,1,0,0,0,0,0,0
1176885206516686848,1177162589580775425,1,0,1,0,0,0,1,0,1,0
1177457915214458882,1177457917353582598,1,1,1,1,0,0,1,0,0,0
1180013453769138177,1180078451472109568,0,0,0,0,0,0,0,0,1,0
1179649983789834240,1179650609512943617,0,0,0,0,0,0,0,0,0,0
1177599372185473025,1177609250866118656,0,0,0,0,0,0,0,0,1,0
1177134510917541888,1177135099021844480,0,0,0,0,0,0,0,0,0,0
1178064103274930177,1178067470760005632,1,1,1,0,1,0,1,0,0,0
1180086841518768128,1180107007296200705,1,1,0,0,1,0,0,0,0,0
1178057028863975432,1178219453160574976,0,0,0,0,0,0,0,0,0,1
1177738682989731847,1177891230073704448,1,1,0,1,0,0,0,0,0,0
1178423465390546946,1178792207203127296,1,1,0,1,1,0,0,0,0,0
